id,nama_bahan,energi,protein,lemak,karbohidrat,bdd,updated_at
1,"Beras giling, mentah",357,8.4,1.7,77.1,100,2025-10-10 01:07:45
2,"Beras giling var pelita, mentah",369,9.5,1.4,77.1,100,2025-10-10 01:07:45
3,"Beras giling var rojolele, mentah",357,8.4,1.7,77.1,100,2025-10-10 01:07:45
4,"Beras hitam, mentah",351,8,1.3,76.9,100,2025-10-10 01:07:45
5,"Beras jagung kuning, kering, mentah",358,5.5,0.1,82.7,100,2025-10-10 01:07:45
6,"Beras jagung putih, kering, mentah",307,4.8,0.1,71.8,100,2025-10-10 01:07:45
7,"Beras ketan hitam tumbuk, mentah",360,8,2.3,74.5,100,2025-10-10 01:07:45
8,"Beras ketan putih tumbuk, mentah",361,7.4,0.8,78.4,100,2025-10-10 01:07:45
9,"Beras ladang, mentah",376,7.5,3.8,78,100,2025-10-10 01:07:45
10,"Beras menir, mentah",362,7.7,4.4,73,100,2025-10-10 01:07:45
11,Beras parboiled,353,6.8,0.6,80,100,2025-10-10 01:07:45
12,"Beras tumbuk, mentah",354,7.8,0.4,79.9,100,2025-10-10 01:07:45
13,"Beras tumbuk merah, mentahmentah",352,7.3,0.9,76.2,100,2025-10-10 01:07:45
14,"Cantel, mentah",366,11,3.3,73,100,2025-10-10 01:07:45
15,"Jagung muda, kuning, mentah",147,5.1,0.7,31.5,100,2025-10-10 01:07:45
16,"Jagung kuning pipil, kering, mentah",366,9.8,7.3,69.1,100,2025-10-10 01:07:45
17,"Jagung pipil var, harapan, kering",367,6.2,5.1,76.2,100,2025-10-10 01:07:45
18,"Jagung pipil var, metro, kering",368,5.5,4.6,78,100,2025-10-10 01:07:45
19,"Jali, mentah",324,11,4,61,90,2025-10-10 01:07:45
20,"Jawawut, mentah",364,9.7,3.5,73.4,100,2025-10-10 01:07:45
21,"Jampang huma, mentah",350,6.2,1.4,78.2,100,2025-10-10 01:07:45
22,Nasi,180,3.0,0.3,39.8,100,2025-10-10 01:07:45
23,Nasi tim,120,2.4,0.4,26,100,2025-10-10 01:07:45
24,"Beras, tapai",99,1.7,0.3,22.4,100,2025-10-10 01:07:45
25,"Beras, tepung, mentah",353,7,0.5,80,100,2025-10-10 01:07:45
26,"Beras merah, Nasi",149,2.8,0.4,32.5,100,2025-10-10 01:07:45
27,"Bihun, mentah",348,4.7,0.1,82.1,100,2025-10-10 01:07:45
28,Bihun goreng instan,381,6.1,3.9,80.3,100,2025-10-10 01:07:45
29,"Bihun Jagung, mentah",354,0.5,0.3,87.4,100,2025-10-10 01:07:45
30,"Jagung nasi, mentah",357,8.8,0.5,79.5,100,2025-10-10 01:07:45
31,"Jagung muda, rebus",142,5,0.7,30.3,100,2025-10-10 01:07:45
32,"Jagung kuning, tepung",355,9.2,3.9,73.7,100,2025-10-10 01:07:45
33,"Jagung kuning pipil, rebus",154,3.8,3.5,28.4,100,2025-10-10 01:07:45
34,"Jagung, tepung putih",355,9.2,3.9,73.7,100,2025-10-10 01:07:45
35,"Ketan, ketupat",212,4,4.6,38.6,100,2025-10-10 01:07:45
36,"Ketan hitam, matang",181,4,1.2,37.3,100,2025-10-10 01:07:45
37,"Ketan hitam, tapai",166,3.8,1,34.4,100,2025-10-10 01:07:45
38,"Ketan putih, matang",163,3,0.4,35.7,100,2025-10-10 01:07:45
39,"Ketan putih, tapai",172,3,0.5,37.5,100,2025-10-10 01:07:45
40,"Maizena, tepung",341,0.3,0,85,100,2025-10-10 01:07:45
41,"Makaroni, mentah",353,8.7,0.4,78.7,100,2025-10-10 01:07:45
42,Mi basah,88,0.6,3.3,14,100,2025-10-10 01:07:45
43,Mi kering,339,10,1.7,6.3,100,2025-10-10 01:07:45
44,Misoa,345,8.5,2.2,78,100,2025-10-10 01:07:45
45,Roti putih,248,8,1.2,50,100,2025-10-10 01:07:45
46,Tepung terigu,333,9,1,77.2,100,2025-10-10 01:07:45
47,Amparan tatak,191,1.3,5.5,34,100,2025-10-10 01:07:45
48,"Apang kukus, kue",202,3,0.3,46.7,100,2025-10-10 01:07:45
49,"Apem, kue",148,2,0.5,33.9,100,2025-10-10 01:07:45
50,Biskuit,458,6.9,14.4,75.1,100,2025-10-10 01:07:45
51,"Bakpia, kue",272,8.7,6.7,44.1,100,2025-10-10 01:07:45
52,Bakwan,280,8.2,10.2,39,100,2025-10-10 01:07:45
53,Bantal,190,3.3,0.3,43.5,100,2025-10-10 01:07:45
54,Baruasa,417,6.5,8.2,79.3,100,2025-10-10 01:07:45
55,Batar daan,107,2.2,2.2,19.6,100,2025-10-10 01:07:45
56,Bika ambon,199,2.1,1.5,44.4,100,2025-10-10 01:07:45
57,Bingka,273,5.3,10.6,39.1,100,2025-10-10 01:07:45
58,Bobengka,225,5.3,2.6,45.2,100,2025-10-10 01:07:45
59,Bolu peca,197,3.3,4.6,35.6,100,2025-10-10 01:07:45
60,Brem,249,3.4,0.4,58,100,2025-10-10 01:07:45
62,Cake tape,323,4.9,11.5,50.1,100,2025-10-10 01:07:45
63,Cangkuning,204,2.8,7.5,31.4,100,2025-10-10 01:07:45
64,Dodol bali,298,3.7,2.1,65.9,100,2025-10-10 01:07:45
65,Dodol galamai,348,0.4,3.8,76.1,100,2025-10-10 01:07:45
66,Dodol kedondong,331,1.9,7.6,63.8,100,2025-10-10 01:07:45
67,Dodol manado,373,4.3,16.5,51.9,100,2025-10-10 01:07:45
68,Emping beras,403,10.6,2.2,71.7,100,2025-10-10 01:07:45
69,Gemblong,274,1.7,5.4,55.5,100,2025-10-10 01:07:45
70,Gendar goreng,407,6.4,28.2,32,100,2025-10-10 01:07:45
71,Intip goreng,474,7.6,21.6,62.3,100,2025-10-10 01:07:45
72,Jagung gerontol,156,2.7,1.3,33.3,100,2025-10-10 01:07:45
73,Jagung titi,374,9.4,2.2,79.1,100,2025-10-10 01:07:45
74,Japilus,500,1.2,25.1,67.3,100,2025-10-10 01:07:45
75,Kakicak,296,3.4,15.1,36.7,100,2025-10-10 01:07:45
76,Kambose,164,3,2.4,32.6,100,2025-10-10 01:07:45
77,Kapusa,158,4.4,3.2,27.8,100,2025-10-10 01:07:45
78,Keddo bodong,290,4.6,5.7,55.2,100,2025-10-10 01:07:45
79,"Kelepon, kue",215,3.7,3.7,41.8,100,2025-10-10 01:07:45
80,Kereput,580,4.8,39.6,51.1,100,2025-10-10 01:07:45
81,Ketoprak,153,7.9,7.7,13,100,2025-10-10 01:07:45
82,Ketupat kandangan,109,2.2,5.2,13.4,100,2025-10-10 01:07:45
83,Koya,366,4.2,4.3,77.5,100,2025-10-10 01:07:45
84,Koya mirasa,370,8,1,82.2,100,2025-10-10 01:07:45
85,Koyabu,241,3.4,4.3,47.2,100,2025-10-10 01:07:45
86,Kue ali,440,3.8,18.5,64.5,100,2025-10-10 01:07:45
87,Kue bangen,442,3.3,14.7,74.2,100,2025-10-10 01:07:45
88,Kue gelang,448,5.8,16.1,70,100,2025-10-10 01:07:45
89,Kue jahe,425,1.6,8.8,84.6,100,2025-10-10 01:07:45
90,Kue kelapa,591,5.6,42.1,47.5,100,2025-10-10 01:07:45
91,Kue koa,340,4.8,0.4,79.3,100,2025-10-10 01:07:45
92,Kue ku temu,214,3.5,0.2,49.6,100,2025-10-10 01:07:45
93,Kue lumpur,291,3.6,11.1,44.1,100,2025-10-10 01:07:45
94,Kue pelita,141,5.3,5.5,17.6,100,2025-10-10 01:07:45
95,Kue putu cangkir,304,5.3,7,54.9,100,2025-10-10 01:07:45
96,Kue sus,221,7.5,10.2,24.8,100,2025-10-10 01:07:45
97,Kue thipan,247,2.9,4.2,49.5,100,2025-10-10 01:07:45
98,Laksa/Putu mayang,121,1.7,3.4,21.1,100,2025-10-10 01:07:45
99,Lapis legit,389,6.6,15.7,55.5,100,2025-10-10 01:07:45
100,Lupis ketan,164,1.8,2.1,34.5,100,2025-10-10 01:07:45
101,Manan samin,379,3.4,18.1,50.6,100,2025-10-10 01:07:45
102,Martabak india,153,4.5,4.2,24.3,100,2025-10-10 01:07:45
103,Martabak mesir,278,5.1,8.6,45,100,2025-10-10 01:07:45
104,Masekat,369,2.1,7,74.1,100,2025-10-10 01:07:45
105,Mie aceh rebus,113,3,3.2,18.1,100,2025-10-10 01:07:45
106,Mie ayam,102,6.2,3.9,10.5,100,2025-10-10 01:07:45
107,Mie bakso,114,5.3,3,16.4,100,2025-10-10 01:07:45
108,Mie celon,102,3,2.1,17.8,100,2025-10-10 01:07:45
109,Mie pangsit basah,105,5.9,4.9,9.4,100,2025-10-10 01:07:45
110,Nasi gemuk,192,3.8,8.8,24.4,100,2025-10-10 01:07:45
111,Nasi gurih,190,4.7,7.5,26,100,2025-10-10 01:07:45
112,Nasi minyak,207,3.5,5,37.1,100,2025-10-10 01:07:45
113,Nasi rames,155,10.3,4.2,19.1,100,2025-10-10 01:07:45
334,Kembang tahu rebus,90,10.7,4,4.7,100,2025-10-10 01:07:45
114,Nopia spesial,387,5.3,7.6,74.3,100,2025-10-10 01:07:45
115,Onde-onde,336,4,9.8,57.9,100,2025-10-10 01:07:45
116,Padamaran,171,3.9,8.9,18.8,100,2025-10-10 01:07:45
117,Pastel,307,4.5,13.3,42.4,100,2025-10-10 01:07:45
118,Pulut,216,2.6,3.1,44.4,100,2025-10-10 01:07:45
119,Pundut nasi,104,1.9,4.1,15.1,100,2025-10-10 01:07:45
120,Putri hijau,189,5.4,2.1,37.2,100,2025-10-10 01:07:45
121,Putri selat,163,2.2,6.5,23.8,100,2025-10-10 01:07:45
122,Putu sopa,215,3.3,4.1,41.1,100,2025-10-10 01:07:45
123,Renggi goreng,471,4.7,21.8,64.1,100,2025-10-10 01:07:45
124,Roti boong,341,5.5,16.2,43.3,100,2025-10-10 01:07:45
125,Roti warna sawo matang,249,7.9,1.5,49.7,100,2025-10-10 01:07:45
126,Sarimuka,166,2.3,2.8,32.9,100,2025-10-10 01:07:45
127,Spaghetti,139,7.4,2.1,22.6,100,2025-10-10 01:07:45
128,Srikaya ketan,265,2.7,6.4,49.1,100,2025-10-10 01:07:45
129,Sunduk lawang,181,1.9,1.3,32.4,100,2025-10-10 01:07:45
130,Suwir-suwir,347,0.5,0.9,84.2,100,2025-10-10 01:07:45
131,Tipa-tipa,355,6.2,1.2,79.8,100,2025-10-10 01:07:45
132,Wajit camilan,303,6.3,2.7,63.3,100,2025-10-10 01:07:45
133,Widaran,424,1.3,10.7,80.7,100,2025-10-10 01:07:45
134,Wingko babat,355,3.2,15.1,51.4,100,2025-10-10 01:07:45
135,Yangko,254,3.0,1.1,58.1,100,2025-10-10 01:07:45
136,"Arrowroot, segar",102,1.0,0.2,24.1,100,2025-10-10 01:07:45
137,"Batatas gembili, segar",76,1.1,0.9,16.0,85,2025-10-10 01:07:45
138,"Batatas kelapa, ubi, segar",89,1.1,0.1,21.0,85,2025-10-10 01:07:45
139,"Belitung, talas, segar",145,1.2,0.4,34.2,85,2025-10-10 01:07:45
140,"Bengkuang, segar",59,1.4,0.2,12.8,84,2025-10-10 01:07:45
142,"Gadeng/Gadung, kering",322,2.4,0.6,76.6,100,2025-10-10 01:07:45
143,"Gadung, ubi, segar",100,0.9,0.3,23.5,85,2025-10-10 01:07:45
144,"Ganyong, segar",77,0.6,0.2,18.4,65,2025-10-10 01:07:45
145,"Gembili, ubi, segar",131,1.1,0.2,31.3,85,2025-10-10 01:07:45
146,"Hofa/Ubi hutan, segar",127,1.2,0.5,29.5,85,2025-10-10 01:07:45
147,"Kaburan, ubi, segar",133,1.0,0.2,32.2,81,2025-10-10 01:07:45
148,"Kentang, segar",62,2.1,0.2,13.5,85,2025-10-10 01:07:45
149,"Kentang hitam, segar",142,0.9,0.4,33.7,75,2025-10-10 01:07:45
150,"Keribang, ubi, segar",137,1.3,1.1,29.8,83,2025-10-10 01:07:45
151,"Ketela pohon/singkong, segar",154,1.0,0.3,36.8,85,2025-10-10 01:07:45
152,Lepok/Ubi rumput,181,2.8,1.2,39.8,85,2025-10-10 01:07:45
153,"Sagu aren, kering",355,0.6,1.1,85.6,100,2025-10-10 01:07:45
154,"Sagu aren, segar",231,0.6,0.2,56.6,100,2025-10-10 01:07:45
155,Sagu kasbi segar,230,0.6,0.2,56.5,100,2025-10-10 01:07:45
156,Sagu lempeng,347,0.9,0.3,85.2,100,2025-10-10 01:07:45
157,"Sagu singkong, kering",362,0.5,0.3,86.9,100,2025-10-10 01:07:45
158,"Sente, talas, segar",353,0.7,0.2,84.7,86,2025-10-10 01:07:45
159,"Suweg, talas, segar",74,1.4,0.1,17.2,86,2025-10-10 01:07:45
160,"Talas bogor, segar",108,1.4,0.4,25.0,85,2025-10-10 01:07:45
161,"Talas pontianak, segar",163,2.3,0.5,36.4,83,2025-10-10 01:07:45
162,"Talas viqueque, segar",115,1.8,0.5,25.9,85,2025-10-10 01:07:45
163,"Ubi jalar, kuning, segar",119,0.5,0.4,25.1,85,2025-10-10 01:07:45
164,"Ubi jalar manis, segar",83,1.5,0.2,18.8,85,2025-10-10 01:07:45
165,"Ubi jalar merah, segar",151,1.6,0.3,35.4,86,2025-10-10 01:07:45
166,"Ubi jalar putih, segar",88,0.4,0.4,20.6,86,2025-10-10 01:07:45
167,Ubi jalar tinta/kemayung,108,0.5,0.4,25.6,85,2025-10-10 01:07:45
168,"Umbi Uwi, segar",120,2.8,0.5,82.3,86,2025-10-10 01:07:45
169,"Batatas kelapa, ubi, bakar",110,1.4,1.1,23.4,85,2025-10-10 01:07:45
170,"Batatas kelapa, ubi, kukus",92,1.2,0.3,21.0,100,2025-10-10 01:07:45
171,"Batatas tali, ubi, rebus",182,2.4,0.4,42.2,100,2025-10-10 01:07:45
172,"Belitung, talas, kukus",145,1.2,0.4,34.2,100,2025-10-10 01:07:45
173,"Bentul, talas, kukus",71,2.3,0.3,15.4,100,2025-10-10 01:07:45
174,"Gadung, ubi, kukus",88,0.6,0.3,20.9,100,2025-10-10 01:07:45
175,"Ganyong, rebus",100,0.8,0.2,23.8,100,2025-10-10 01:07:45
176,Ketela pohon/singkong kukus,153,1.2,0.3,36.4,100,2025-10-10 01:07:45
177,"Suweg, talas, kukus",93,1.5,0.1,21.9,100,2025-10-10 01:07:45
178,"Talas bogor, kukus",120,1.5,0.3,28.2,100,2025-10-10 01:07:45
179,"Ubi jalar, kuning, kukus",100,0.7,0.3,23.8,100,2025-10-10 01:07:45
180,Ubi jalar tinta/kemayung kukus,165,0.9,0.2,39.8,100,2025-10-10 01:07:45
181,Bagea kelapa asin,450,3.2,13.9,78.1,100,2025-10-10 01:07:45
182,Bagea kelapa manis,452,1.3,13.8,80.6,100,2025-10-10 01:07:45
183,Bagea kenari asin,529,3.2,29.1,63.6,100,2025-10-10 01:07:45
184,Bagea kenari manis,523,3.2,28.2,64.2,100,2025-10-10 01:07:45
185,Bagea kw 1,416,6.5,9.4,76.3,100,2025-10-10 01:07:45
186,Bagea kw 2,382,0.3,3.5,87.2,100,2025-10-10 01:07:45
187,Beras Cerdas,350,2.7,1.1,82.3,100,2025-10-10 01:07:45
188,Beras ganyong,364,3.4,0.7,86.3,100,2025-10-10 01:07:45
189,Beras Siger,344,1.1,0.2,28.3,100,2025-10-10 01:07:45
190,Biji nangka/Biji salak,262,2.3,5.4,51.1,100,2025-10-10 01:07:45
191,Bubur sagu,167,0.2,4,33,100,2025-10-10 01:07:45
192,Cassavastick,460,0.8,18.7,71.8,100,2025-10-10 01:07:45
193,Ceriping getuk singkong,462,1.2,20.7,67.7,100,2025-10-10 01:07:45
194,Gatot,347,1.3,0.7,83.8,100,2025-10-10 01:07:45
195,Geblek,195,0.4,1.7,44.4,100,2025-10-10 01:07:45
196,Getuk goreng,360,1.3,6.4,74.3,100,2025-10-10 01:07:45
197,Getuk singkong,204,0.5,1.4,47.4,100,2025-10-10 01:07:45
198,Gurandil,218,0.5,2.5,48.5,100,2025-10-10 01:07:45
199,Kabuto,250,2.6,2.5,35.4,100,2025-10-10 01:07:45
200,Kapurung,41,2,0.3,7.8,100,2025-10-10 01:07:45
201,Kecimpring singkong goreng,464,1.2,18.6,73,100,2025-10-10 01:07:45
202,Keremes,475,1.6,25.2,64.4,100,2025-10-10 01:07:45
203,Keripik gadung,446,2.8,14.5,76,100,2025-10-10 01:07:45
204,Keripik kentang,448,2.7,18.8,67.1,100,2025-10-10 01:07:45
205,Keripik singkong,478,0.9,20.7,72,100,2025-10-10 01:07:45
206,Keripik singkong berbumbu,481,2.2,19.7,73.6,100,2025-10-10 01:07:45
207,Keripik ubi,486,0.2,23.9,67.6,100,2025-10-10 01:07:45
208,Kerupuk cumi goreng,444,6.9,14.6,71.3,100,2025-10-10 01:07:45
210,Kerupuk kemplang goreng,504,5.6,28.1,57.1,100,2025-10-10 01:07:45
211,Kerupuk kemplang panggang,356,9.7,1.1,76.9,100,2025-10-10 01:07:45
212,Kerupuk mie kuning goreng,476,0.1,21.1,71.3,100,2025-10-10 01:07:45
213,Kerupuk udang goreng,477,4.7,20.5,68.5,100,2025-10-10 01:07:45
214,Kue bangket,338,1.5,1.2,80.3,100,2025-10-10 01:07:45
215,Kue putu singkong,217,1.2,0.5,53.2,100,2025-10-10 01:07:45
216,Lanting getuk,422,0.9,10.8,80.4,100,2025-10-10 01:07:45
217,Mi golosor,71,0.2,0.8,15.9,100,2025-10-10 01:07:45
218,Mie Bendo,353,0.3,0,88,100,2025-10-10 01:07:45
219,Mie Sagu,190,0.2,0.4,46.5,100,2025-10-10 01:07:45
220,Ongol-ongol sagu,111,0.3,2.7,21.2,100,2025-10-10 01:07:45
221,Oyek,351,0.9,0.9,84.9,100,2025-10-10 01:07:45
222,Papeda,61,0.2,0.1,14.9,100,2025-10-10 01:07:45
225,Sagu forno,291,0.5,4,63.4,100,2025-10-10 01:07:45
227,Sagu manis,287,0.5,3.9,62.4,100,2025-10-10 01:07:45
228,Sagu Rendang,364,0.1,0.2,90.5,100,2025-10-10 01:07:45
229,Sagu sinole,354,0.8,8.3,68.9,100,2025-10-10 01:07:45
230,Serimping talas kebumen,478,2.5,21.2,69.2,100,2025-10-10 01:07:45
231,Tapai singkong,169,1.4,0.3,40.2,100,2025-10-10 01:07:45
232,Tepung Arrowroot,355,0.7,0.2,85.2,100,2025-10-10 01:07:45
233,Tepung Ganyong,353,0.8,1.7,83.6,100,2025-10-10 01:07:45
234,Tepung Gaplek,345,2.4,0.4,83.1,100,2025-10-10 01:07:45
235,"Tepung kentang, kering",347,0.3,0.1,85.6,100,2025-10-10 01:07:45
236,Tepung Mocaf,350,1.2,0.6,85,100,2025-10-10 01:07:45
237,Tepung Sente,326,4,0.4,76.7,100,2025-10-10 01:07:45
238,Tepung singkong/Tapioka,363,1.1,0.5,88.2,100,2025-10-10 01:07:45
239,Tepung Tales Beneng,332,5.7,0.6,76.1,100,2025-10-10 01:07:45
240,Tepung Ubi Ungu,354,2.8,0.6,84.4,100,2025-10-10 01:07:45
241,Tiwul,353,2.4,1.1,83.4,100,2025-10-10 01:07:45
242,Tiwul Instan,395,3.2,8.5,76.5,100,2025-10-10 01:07:45
243,Ubi Cilembu,186,1.9,0.2,44.3,89.6,2025-10-10 01:07:45
244,Uli batatas,150,1.1,4,27.4,100,2025-10-10 01:07:45
245,"Kacang arab, kering",330,23.8,1.4,60.2,100,2025-10-10 01:07:45
246,"Kacang babi, kering",341,30.4,3.2,51.3,80,2025-10-10 01:07:45
248,"Kacang beracun, segar",118,4.4,1.5,21.6,0,2025-10-10 01:07:45
249,"Kacang bogor, kering",370,16,6,65,100,2025-10-10 01:07:45
250,"Kacang bogor, segar",165,7.7,3.1,27.4,100,2025-10-10 01:07:45
251,"Kacang endel, biji, kering",331,25,1,58,95,2025-10-10 01:07:45
252,"Kacang ercis, segar",129,12.4,0.7,18.3,45,2025-10-10 01:07:45
253,"kacang galing, segar",336,23.1,1.7,59.5,95,2025-10-10 01:07:45
254,"Kacang gude, biji, kering",316,20.7,1,58,100,2025-10-10 01:07:45
255,"Kacang gude, biji, segar",114,7,0.6,20.8,100,2025-10-10 01:07:45
256,"Kacang hijau var, bakti, kering",350,17.1,1.8,70.7,100,2025-10-10 01:07:45
257,"Kacang hijau var, siwalik, kering",339,20.8,2.1,64.6,100,2025-10-10 01:07:45
258,"Kacang hijau, kering",323,22.9,1.5,56.8,100,2025-10-10 01:07:45
259,"Kacang hitam, kering",346,16.6,1.7,66.1,100,2025-10-10 01:07:45
260,"Kacang kapri, segar",98,6.7,0.4,17.7,45,2025-10-10 01:07:45
261,"Kacang kedelai, kering",381,40.4,16.7,24.9,100,2025-10-10 01:07:45
262,"Kacang kedelai, segar",286,30.2,15.6,30.1,100,2025-10-10 01:07:45
263,"Kacang kincai, kering",444,19.9,16.0,55.0,0,2025-10-10 01:07:45
264,"Kacang komak, segar",327,16.4,4.3,55.8,45,2025-10-10 01:07:45
265,"Kacang kuning, kering",355,17.0,2.5,66.0,0,2025-10-10 01:07:45
266,"Kacang lebui /iris, kering",346,16.5,1.5,66.6,100,2025-10-10 01:07:45
267,"Kacang mentega, kering",344,16.7,2.1,64.6,0,2025-10-10 01:07:45
268,"Kacang merah /banda, kering",350,13.9,3.0,66.9,100,2025-10-10 01:07:45
269,"Kacang merah tua, kering",280,16.7,1.6,63.2,100,2025-10-10 01:07:45
270,"Kacang merah, kering",314,22.1,1.1,56.2,100,2025-10-10 01:07:45
271,"Kacang merah, segar",171,11.0,2.2,28.0,100,2025-10-10 01:07:45
272,"Kacang mete/biji jambu monyet, segar",616,16.3,48.4,28.7,69,2025-10-10 01:07:45
273,"Kacang panjang, biji, kering",357,17.3,1.5,68.6,100,2025-10-10 01:07:45
274,Kacang tanah sangan,560,29.5,43.0,24.1,100,2025-10-10 01:07:45
275,Kacang tanah sangan tanpa selaput,559,26.9,44.2,23.6,100,2025-10-10 01:07:45
276,"Kacang tanah, kering",525,27.9,42.7,17.4,100,2025-10-10 01:07:45
277,"Kacang tolo / tunggak, kering",331,24.4,1.9,56.6,100,2025-10-10 01:07:45
278,"Kacang tunis, kering",351,12.2,1.2,72.9,100,2025-10-10 01:07:45
279,"Kacang uci, kering",358,23.4,2.4,60.6,100,2025-10-10 01:07:45
280,"Kacang urei, kering",354,12.8,1.8,69.3,0,2025-10-10 01:07:45
281,"Kenari banda, kering",616,13.9,56.2,13.7,100,2025-10-10 01:07:45
282,"Kenari, kering",657,15.0,66.0,13.0,100,2025-10-10 01:07:45
283,"Komak polong, segar",99,3.3,0.1,21.2,100,2025-10-10 01:07:45
284,"Koro andong, kering",356,20.5,4.1,61.6,100,2025-10-10 01:07:45
285,"Koro benguk, biji, kering",332,24.0,3.0,55.0,95,2025-10-10 01:07:45
286,"Koro kerupuk, biji, segar",125,8.3,0.7,22.1,68,2025-10-10 01:07:45
287,"Koro loke, biji, segar",33,2.7,0.2,7.9,95,2025-10-10 01:07:45
288,"Koro roay, kering",344,12.5,2.1,69.4,100,2025-10-10 01:07:45
289,"Koro wedus, biji, kering",338,22.2,1.5,61.0,100,2025-10-10 01:07:45
290,"Lamtoro biji, muda, segar",85,5.7,0.3,15.4,100,2025-10-10 01:07:45
291,"Lamtoro biji, tua, segar",148,10.6,0.5,26.2,100,2025-10-10 01:07:45
292,"Lamtoro var, gung tanpa kulit",367,46.4,5.4,32.5,100,2025-10-10 01:07:45
293,"Lamtoro var, lokal dengan kulit",336,23.8,1.2,59.7,100,2025-10-10 01:07:45
294,"Nangka, biji, segar",165,4.2,0.1,36.7,75,2025-10-10 01:07:45
295,"Saga merah terkupas, mentah",449,30.6,25.5,31.9,100,2025-10-10 01:07:45
296,"Wijen, mentah",568,19.3,51.1,18.1,100,2025-10-10 01:07:45
297,"Kacang belimbing, rebus",204,16.9,8.8,17.5,100,2025-10-10 01:07:45
298,"Kacang bogor, goreng",479,12.7,23.2,58.9,35,2025-10-10 01:07:45
299,"Kacang bogor, rebus",161,7.7,2.8,27.2,35,2025-10-10 01:07:45
300,"Kacang gude, rebus",147,9,0.5,27.5,100,2025-10-10 01:07:45
301,"kacang hijau, rebus",109,8.7,0.5,18.3,100,2025-10-10 01:07:45
302,"Kacang kedelai, goreng",521,32.2,37.7,22.9,100,2025-10-10 01:07:45
303,"Kacang kedelai, rebus",189,20.2,8.2,12.7,100,2025-10-10 01:07:45
304,"Kacang merah kering, rebus",158,10.3,0.9,28.2,100,2025-10-10 01:07:45
305,"Kacang merah segar, rebus",144,10,1,24.7,100,2025-10-10 01:07:45
306,"Kacang mete/biji jambu monyet, goreng",629,20.4,56.3,19.8,100,2025-10-10 01:07:45
307,Kacang tanah rebus dg kulit,360,13.5,31.2,12.8,43,2025-10-10 01:07:45
308,"Kacang tanah, goreng",564,25.5,44.4,25.5,100,2025-10-10 01:07:45
309,"Kacang tanah, rebus",220,10.6,28,8,100,2025-10-10 01:07:45
310,"Kacang tolo, rebus",138,10.7,1.1,22.6,100,2025-10-10 01:07:45
311,Ampas kacang hijau,96,3.7,0.6,19.1,100,2025-10-10 01:07:45
312,"Ampas tahu, mentah",67,5,2.1,8.1,100,2025-10-10 01:07:45
313,Ampas tahu kukus,75,4.1,2.1,10.7,100,2025-10-10 01:07:45
314,"Ampas tahu, kering",414,26.6,18.3,41.3,100,2025-10-10 01:07:45
315,Pepea oncom ampas tahu,76,5.2,1.8,10.6,100,2025-10-10 01:07:45
316,Bungkil biji karet,210,30,10,10,100,2025-10-10 01:07:45
317,Bungkil kacang tanah,365,45,13,17,100,2025-10-10 01:07:45
318,Bungkil kelapa,36,23,15,35,100,2025-10-10 01:07:45
319,Dodol banjarmasin,368,2.6,8.6,70,100,2025-10-10 01:07:45
321,Emping komak,355,17.8,4.6,60.7,100,2025-10-10 01:07:45
322,Enting-enting gepuk hello kity,538,13.6,30.3,52.6,100,2025-10-10 01:07:45
323,Enting-enting gepuk kacang tanah,524,13.3,29.2,52.2,100,2025-10-10 01:07:45
324,Enting-enting wijen,565,18.2,38.4,36.8,100,2025-10-10 01:07:45
325,Geplak,350,1.4,14.4,53.6,100,2025-10-10 01:07:45
326,Geplak jahe,462,3.1,24.4,57.7,100,2025-10-10 01:07:45
327,Kacang atom,533,27.8,38.1,28.8,100,2025-10-10 01:07:45
328,Kacang goyang,516,14.7,31.1,44.4,100,2025-10-10 01:07:45
329,Kacang negara,480,18.4,19.1,58.5,100,2025-10-10 01:07:45
330,Kacang sukro,484,8.8,26.1,57.7,100,2025-10-10 01:07:45
331,Kacang tanah sari,561,25.5,43.8,26,100,2025-10-10 01:07:45
333,Kembang tahu,380,48.9,13.8,23.3,100,2025-10-10 01:07:45
335,Keripik oncom,598,8.3,43.8,42.6,100,2025-10-10 01:07:45
336,Keripik tempe,581,12.1,40.6,41.7,100,2025-10-10 01:07:45
337,Keripik tempe abadi besar,556,15.8,37.1,39.8,100,2025-10-10 01:07:45
338,Keripik tempe abadi murni,542,40.3,42.4,11.6,100,2025-10-10 01:07:45
339,Keripik tempe abadi sedang,510,12.3,27.9,52.4,100,2025-10-10 01:07:45
340,Keripik tempe abadi telur,529,20.8,31.7,40.2,100,2025-10-10 01:07:45
341,Kerupik tempe abadi prima,540,16.7,33.9,42,100,2025-10-10 01:07:45
342,Kwaci,515,30.6,42.1,13.8,35,2025-10-10 01:07:45
343,Melinjo emping tebal goreng manis,439,10,16.4,65.7,100,2025-10-10 01:07:45
344,"Melinjo emping tebal, goreng asin",431,11.1,16.2,63,100,2025-10-10 01:07:45
345,Melinjo emping tipis goreng,485,11.5,24.5,59.1,100,2025-10-10 01:07:45
346,Moon tahu,128,8,10,1.3,100,2025-10-10 01:07:45
347,Oncom,187,13,6,22.6,100,2025-10-10 01:07:45
348,Oncom ampas kacang hijau,376.0,14.9,6.0,65.7,100.0,2025-10-10 01:07:45
349,Oncom kacang hijau + singkong,351.0,11.0,5.3,65.9,100.0,2025-10-10 01:07:45
350,Oncom kacang tanah pepes,132.0,12.7,3.8,13.7,100.0,2025-10-10 01:07:45
351,Rempeyek kacang tanah,513.0,17.5,32.5,44.3,100.0,2025-10-10 01:07:45
352,Rempeyek kacang tolo,451.0,11.2,20.2,59.7,100.0,2025-10-10 01:07:45
353,Rempeyek kacang uci,497.0,17.0,27.6,50.8,100.0,2025-10-10 01:07:45
354,Sayur lebui,64.0,2.1,0.6,12.5,100.0,2025-10-10 01:07:45
355,"Saridele, bubuk",344.0,30.0,20.0,43.0,100.0,2025-10-10 01:07:45
356,Susu kedelai,41.0,3.5,2.5,5.0,100.0,2025-10-10 01:07:45
357,"Tahu, mentah",80.0,10.9,4.7,0.8,100.0,2025-10-10 01:07:45
358,Tahu goreng,115.0,9.7,8.5,2.5,100.0,2025-10-10 01:07:45
359,Tahu telur,328.0,12.6,19.9,24.6,100.0,2025-10-10 01:07:45
360,Takwa,148.0,13.8,8.5,4.0,100.0,2025-10-10 01:07:45
361,Tauco,184.0,11.4,5.5,22.2,100.0,2025-10-10 01:07:45
362,"Tauco cap beruang, cake",347.0,7.4,5.2,67.6,100.0,2025-10-10 01:07:45
363,"Tauco cap DAS, cake",358.0,7.5,4.3,70.4,100.0,2025-10-10 01:07:45
364,Tauco cap meong,159.0,7.4,4.9,21.3,100.0,2025-10-10 01:07:45
365,Tauji cap singa,277.0,9.1,4.7,49.6,100.0,2025-10-10 01:07:45
366,Tempe bongkrek,88.0,10.0,4.0,3.0,100.0,2025-10-10 01:07:45
367,Tempe gembus P3G,73.0,5.7,1.3,10.3,100.0,2025-10-10 01:07:45
368,Tempe gembus yogya,76.0,6.8,0.7,10.6,100.0,2025-10-10 01:07:45
369,Tempe kacang babi,139.0,12.5,0.8,21.9,100.0,2025-10-10 01:07:45
370,Tempe kacang belimbing,212.0,17.5,10.0,12.9,100.0,2025-10-10 01:07:45
371,Tempe kedelai + jagung,143.0,12.0,5.5,11.4,100.0,2025-10-10 01:07:45
372,"Tempe kedelai murni, goreng",350.0,24.5,26.6,10.4,100.0,2025-10-10 01:07:45
373,"Tempe kedelai murni, mentah",201.0,20.8,8.8,13.5,100.0,2025-10-10 01:07:45
374,Tempe koro benguk,141.0,10.2,1.3,23.2,100.0,2025-10-10 01:07:45
375,Tempe lamtoro,128.0,10.7,0.5,21.3,100.0,2025-10-10 01:07:45
376,"Tempe lamtoro var, gung dengan kulit",19.6,7.6,1.3,128,100,2025-10-10 01:07:45
377,"Tempe lamtoro var, gung tanpa kulit",13.0,1.3,1.1,95,100,2025-10-10 01:07:45
378,Tempe pasar,9.1,1.4,0.9,517,100,2025-10-10 01:07:45
379,Tempe pasar goreng,7.8,3.4,1.3,156,100,2025-10-10 01:07:45
381,Tepung Jalejo,61.2,5.8,2.3,101,100,2025-10-10 01:07:45
382,Tepung kacang kedelai,29.9,5.8,4.0,195,100,2025-10-10 01:07:45
383,"Akar tonjong, segar",10.8,1.2,1.0,72,100,2025-10-10 01:07:45
384,"Ale,toge, segar",3.8,1.7,0.7,50,90,2025-10-10 01:07:45
385,"Andaliman, segar",18.0,8.5,2.2,383,100,2025-10-10 01:07:45
386,"Andewi, segar",5.3,4.1,1.1,33,80,2025-10-10 01:07:45
387,"Bakung, segar",4.2,3.8,1.1,19,100,2025-10-10 01:07:45
388,"Baligo, segar",3.0,0.4,0.3,19,69,2025-10-10 01:07:45
389,"Bawang bombay, segar",10.3,2.0,0.6,32,94,2025-10-10 01:07:45
390,"Bayam, segar",2.9,0.7,1.3,166,71,2025-10-10 01:07:45
391,"Bayam merah, segar",6.3,2.2,2.2,520,71,2025-10-10 01:07:45
392,"Bit, segar",9.6,2.6,1.1,27,75,2025-10-10 01:07:45
393,Buah kelor,7.5,3.2,1.3,30,65,2025-10-10 01:07:45
394,Buah merah,13.1,4.0,0.4,30,100,2025-10-10 01:07:45
395,"Buncis, segar",7.2,1.9,0.5,101,90,2025-10-10 01:07:45
396,"Bunga pepaya, segar",8.1,1.6,1.7,290,100,2025-10-10 01:07:45
397,"Bunga turi, segar",6.1,3.3,0.4,28,96.1,2025-10-10 01:07:45
398,"Caisin, segar",3.4,1.2,0.9,123,100,2025-10-10 01:07:45
399,"Daun bangun-bangun, segar",4.0,1.0,1.6,279,66,2025-10-10 01:07:45
400,"Daun bawang merah, segar",7.8,2.1,0.8,60,67,2025-10-10 01:07:45
401,"Daun bebuas, segar",7.3,2.1,1.1,29,49,2025-10-10 01:07:45
402,"Daun belem, segar",7.8,1.9,1.8,698,81,2025-10-10 01:07:45
403,"Daun bluntas, segar",9.4,0,2.3,256,65,2025-10-10 01:07:45
404,"Daun gandaria, segar",14.0,2.1,1.6,40,65,2025-10-10 01:07:45
405,"Daun gedi besar, segar",58,2.9,0.7,10,65,2025-10-10 01:07:45
406,"Daun gedi kecil, segar",61,3.2,0.7,10.4,65,2025-10-10 01:07:45
407,"Daun gelang, segar",30,1.3,0.7,5.8,52,2025-10-10 01:07:45
408,"Daun gunda bali, segar",50,4.6,0.9,7,49,2025-10-10 01:07:45
409,"Daun gunda serang, segar",62,4.2,0.9,9.2,47,2025-10-10 01:07:45
410,"Daun jambu mete muda, segar",78,4.6,0.5,16.2,65,2025-10-10 01:07:45
411,"Daun jampang, segar",34,3.8,0.5,5.3,47,2025-10-10 01:07:45
412,"Daun jawaw seluang, segar",93,5,1.3,15.3,0,2025-10-10 01:07:45
413,"Daun jonghe, segar",27,2.1,0.7,4.4,45,2025-10-10 01:07:45
414,"Daun kacang ma, segar",36,2.9,0.6,6.8,33,2025-10-10 01:07:45
415,"Daun kacang panjang, segar",30,3.1,0.3,5.8,65,2025-10-10 01:07:45
416,"Daun kasbi/singkong karet, segar",92,4,3.6,10.9,87,2025-10-10 01:07:45
417,"Daun katuk, segar",59,6.4,1,9.9,40,2025-10-10 01:07:45
418,"Daun kecipir, segar",52,5,0.5,8.5,70,2025-10-10 01:07:45
419,"Daun kedondong, segar",59,3.5,0.3,13.4,65,2025-10-10 01:07:45
420,"Daun kelor, segar",92,5.1,1.6,14.3,65,2025-10-10 01:07:45
421,"Daun kemang, segar",43,5.5,0.3,7.5,65,2025-10-10 01:07:45
422,"Daun kenikir, segar",45,3.7,0.5,6.6,36.3,2025-10-10 01:07:45
423,"Daun kesum, segar",48,4.5,0.8,9.1,53,2025-10-10 01:07:45
424,"Daun kol sawi, segar",22,2.1,0.5,3.6,87,2025-10-10 01:07:45
425,"Daun koro, segar",23,3,0.3,3.7,65,2025-10-10 01:07:45
426,"Daun kubis, segar",51,2.5,1.1,8,75,2025-10-10 01:07:45
427,"Daun kumak, segar",14,1.3,0.3,2.3,78,2025-10-10 01:07:45
428,"Daun labu siam, segar",34,4,0.4,4.7,100,2025-10-10 01:07:45
429,"Daun labu waluh/kuning, segar",34,3.6,0.6,4.5,70,2025-10-10 01:07:45
430,"Daun lamtoro, segar",87,8.3,1.8,14.4,40,2025-10-10 01:07:45
431,"Daun leilem, segar",76,2.8,0.2,15.8,90,2025-10-10 01:07:45
432,"Daun leunca, segar",49,4.7,0.5,8.1,70,2025-10-10 01:07:45
433,"Daun lobak, segar",30,2.3,0.4,5.8,70,2025-10-10 01:07:45
434,"Daun lompong talas, segar",44,3,0.8,7.4,75,2025-10-10 01:07:45
435,"Daun mangkokan, segar",57,3.7,0.3,11.8,80,2025-10-10 01:07:45
436,"Daun matel ambon, segar",71,6.8,1.6,11.5,100,2025-10-10 01:07:45
437,"Daun melinjo, segar",104,5,1.3,21.3,88,2025-10-10 01:07:45
438,"Daun mengkudu, segar",65,4,1.7,11.4,90,2025-10-10 01:07:45
439,"Daun ndusuk, segar",166,1.7,0.5,38.8,0,2025-10-10 01:07:45
440,"Daun oyong, segar",22,1,0.1,5.3,65,2025-10-10 01:07:45
441,"Daun pakis, segar",39,4.5,0.4,6.9,70,2025-10-10 01:07:45
442,"Daun pakis longgiho, segar",54,2.2,3.6,3.1,70,2025-10-10 01:07:45
443,"Daun pakis wambateu, segar",53,3.4,1.2,7.2,70,2025-10-10 01:07:45
444,"Daun paku, segar",29,3.4,0.1,6.5,70,2025-10-10 01:07:45
445,"Daun pangi,segar",104,3.9,0.6,17.9,90,2025-10-10 01:07:45
446,"Daun pare, segar",49,2.7,1,8.4,0,2025-10-10 01:07:45
447,"Daun pepaya, segar",87,8,2,11.9,71,2025-10-10 01:07:45
448,"Daun pohpohan, segar",37,2.5,0.8,6.9,69,2025-10-10 01:07:45
449,"Daun selasih, segar",62,4,0.5,10.5,53,2025-10-10 01:07:45
450,"Daun semanggi, segar",45,4.4,0.5,8.5,90,2025-10-10 01:07:45
451,"Daun simpur, segar",53,3.2,2.5,6.9,100,2025-10-10 01:07:45
452,"Daun singkil, segar",68,2,1,15.2,70,2025-10-10 01:07:45
453,"Daun singkong, segar",50,6.2,1.1,7.1,87,2025-10-10 01:07:45
454,"Daun singkong ambon, segar",144,12.7,1.2,25.2,87,2025-10-10 01:07:45
455,"Daun singkong ampenan, segar",50,6.2,1.1,71,87,2025-10-10 01:07:45
456,"Daun singkong kopang, segar",74,6.3,0.7,10.7,87,2025-10-10 01:07:45
457,"Daun sintrong, segar",36,2.6,0.9,6.1,94,2025-10-10 01:07:45
458,"Daun talas, segar",59,3,0.4,13.5,80,2025-10-10 01:07:45
459,"Daun tespong, segar",70,2.9,0.3,13.9,60,2025-10-10 01:07:45
460,"Daun ubi kuning, segar",62,3.7,0.3,11.1,75,2025-10-10 01:07:45
461,"Daun ubi merah, segar",48,3,0.3,10.8,75,2025-10-10 01:07:45
462,"Daun ubi putih, segar",46,2.8,0.2,8.2,75,2025-10-10 01:07:45
463,"Daun ubi tinta, segar",55,1.7,0.1,11.9,75,2025-10-10 01:07:45
464,"Eceng, segar",19,1.0,0.2,3.8,70,2025-10-10 01:07:45
466,"Genjer, segar",35,1.7,0.2,7.7,70,2025-10-10 01:07:45
467,"Jagung muda / semi, segar",35,2.2,0.1,7.4,100,2025-10-10 01:07:45
468,Jamur encik,296,9.4,1.1,62.0,95,2025-10-10 01:07:45
469,"Jamur kuping, kering",294,16.0,0.9,64.6,100,2025-10-10 01:07:45
470,"Jamur kuping, segar",21,3.8,0.6,0.9,100,2025-10-10 01:07:45
471,"Jamur merang, segar",30,3.5,0.2,4.0,100,2025-10-10 01:07:45
472,"Jamur tiram, segar",30,1.9,0.1,5.5,100,2025-10-10 01:07:45
473,Jamur sagu,48,1.9,3.2,2.8,95,2025-10-10 01:07:45
474,"Jantung pisang, segar",32,1.2,0.3,7.1,25,2025-10-10 01:07:45
475,"Jengkol, segar",192,5.4,0.3,40.7,95,2025-10-10 01:07:45
476,"Jotang, segar",34,1.9,0.3,7.1,70,2025-10-10 01:07:45
477,"Kabau, segar",130,6.7,0.3,25.2,95,2025-10-10 01:07:45
478,"Kacang mekah, polong, segar",22,1.1,1.0,3.4,91,2025-10-10 01:07:45
479,"Kacang panjang, segar",31,2.3,0.1,5.3,92,2025-10-10 01:07:45
480,Kacang ranti polong,37,3.1,0.2,7.9,83,2025-10-10 01:07:45
481,"Kalakai, segar",38,2.4,0.2,6.6,70,2025-10-10 01:07:45
482,"Kangkung, segar",28,3.4,0.7,3.9,60,2025-10-10 01:07:45
483,Kangkung tondano,43,1.8,0.2,8.4,60,2025-10-10 01:07:45
484,"Kapri muda, segar",45,3.3,0.2,9.0,80,2025-10-10 01:07:45
485,Karawila,25,2.3,0.2,3.5,80,2025-10-10 01:07:45
486,"Kecipir muda, segar",32,2.9,0.2,5.8,96,2025-10-10 01:07:45
487,"Kecombrang, segar",34,0.9,1.0,6.7,100,2025-10-10 01:07:45
488,"Kelawi,kluwih, segar",118,1.5,0.3,27.2,77,2025-10-10 01:07:45
489,"Kembang turi, segar",51,1.8,0.6,9.6,83,2025-10-10 01:07:45
490,"Kerokot, segar",26,1.7,0.4,3.8,80,2025-10-10 01:07:45
491,"Ketimun, segar",8,0.2,0.2,1.4,55,2025-10-10 01:07:45
492,"Ketimun krai, segar",10,0.5,0.2,2,82,2025-10-10 01:07:45
493,"Ketimun madura, segar",9,0.5,0.1,1.9,89,2025-10-10 01:07:45
494,"Komak, segar",99,3.3,0.1,21.2,80,2025-10-10 01:07:45
495,Kool kembang,25,2.4,0.2,4.9,57,2025-10-10 01:07:45
496,"Kool merah,kool putih",29,1.4,0.2,5.3,75,2025-10-10 01:07:45
497,"Koro kerupuk, polong",128,8.3,0.7,22.1,68,2025-10-10 01:07:45
498,"Koro wedus, polong",46,3,0.3,7.9,70,2025-10-10 01:07:45
499,"Kucai, segar",45,2.2,0.3,10.3,52,2025-10-10 01:07:45
501,Kulit melinjo,111,4.5,1.1,20.7,100,2025-10-10 01:07:45
502,"Kundur, segar",22,0.4,0.2,4.7,57,2025-10-10 01:07:45
503,"Labu air, segar",19,0.6,0.2,3.8,80,2025-10-10 01:07:45
504,"Labu kuning, segar",51,1.7,0.5,10,74,2025-10-10 01:07:45
505,"Labu siam, segar",30,0.6,0.1,6.7,83,2025-10-10 01:07:45
506,"Labu waluh, segar",32,1.1,0.1,6.6,77,2025-10-10 01:07:45
507,"Lantar, segar",34,2.2,0.3,5.5,0,2025-10-10 01:07:45
508,"Lobak, segar",21,0.9,0.1,4.2,87,2025-10-10 01:07:45
509,"Lumai/Leunca, segar",38,1.1,0.3,7.6,95,2025-10-10 01:07:45
510,"Melinjo, segar",66,5,0.7,13.3,60,2025-10-10 01:07:45
511,Mostarda metan -sawi,33,2.3,0.5,4.7,85,2025-10-10 01:07:45
512,"Nangka muda, segar",57,2,0.4,11.3,80,2025-10-10 01:07:45
513,"Paria putih, segar",19,1,0.4,3.6,80,2025-10-10 01:07:45
514,"Pepare ular, segar",19,0.6,0.1,3.9,97,2025-10-10 01:07:45
515,"Pepaya muda, segar",29,2.1,0.1,4.9,65,2025-10-10 01:07:45
516,"Petai, segar",92,5.4,1.1,15.2,36,2025-10-10 01:07:45
517,"Peterseli, segar",53,3.7,1,9,95,2025-10-10 01:07:45
518,"Pucuk lumai/daun leunca, segar",33,4.5,0.4,2.8,70,2025-10-10 01:07:45
519,"Putri malu, segar",76,3.6,0.3,14.6,0,2025-10-10 01:07:45
520,"Rebung, segar",25,0.8,0.1,5.3,28,2025-10-10 01:07:45
521,"Rimbang, segar",75,1.6,0.6,15.8,95,2025-10-10 01:07:45
522,Rumput laut,41,1.4,0.3,8.1,100,2025-10-10 01:07:45
523,"Sawi, segar",28,2.3,0.3,4,87,2025-10-10 01:07:45
524,"Sawi putih / pecai, segar",9,1,0.1,1.7,79,2025-10-10 01:07:45
525,"Sawi taiwan, segar",30,1.9,0.5,4.4,85,2025-10-10 01:07:45
526,"Sawi tanah, segar",19,1.3,0.2,2.9,85,2025-10-10 01:07:45
527,"Selada, segar",18,1.2,0.2,2.9,69,2025-10-10 01:07:45
528,"Selada air, segar",17,3.1,0.2,2.2,70,2025-10-10 01:07:45
529,"Seledri, segar",23,1,0.1,4.6,63,2025-10-10 01:07:45
530,"Taoge, segar",34,3.7,1.2,4.3,100,2025-10-10 01:07:45
531,"Taoge kacang kedelai, segar",76,9,2.6,6.4,100,2025-10-10 01:07:45
532,"Taoge kacang tunggak, segar",40,5,0.2,5.8,90,2025-10-10 01:07:45
534,"Tekokak, segar",34,2,0.1,7.9,95,2025-10-10 01:07:45
535,"Tekokak, kering",302,8.3,1.7,72.6,100,2025-10-10 01:07:45
536,"Terong, segar",28,1.1,0.2,5.5,100,2025-10-10 01:07:45
537,"Terong asam, segar",37,2,0.4,6.3,0,2025-10-10 01:07:45
538,"Terung belanda, segar",52,2.1,1.1,8.6,100,2025-10-10 01:07:45
539,"Terung bengkulu,segar",52,1.1,0.4,11.2,100,2025-10-10 01:07:45
540,"Terong hintalo, segar",45,1.9,0.8,7.5,0,2025-10-10 01:07:45
541,Terung panjang,25,2.1,0.1,5.3,100,2025-10-10 01:07:45
543,"Tomat merah, segar",24,1.3,0.5,4.7,100,2025-10-10 01:07:45
544,"Tomat muda, segar",24,2,0.7,3.3,95,2025-10-10 01:07:45
545,"Uceng/ bunga melinjo, segar",82,5.8,1.3,11.7,89,2025-10-10 01:07:45
546,"Umbut kelapa, segar",39,2,0.2,7.2,0,2025-10-10 01:07:45
547,Umbut rotan,34,2.4,0.3,5.5,0,2025-10-10 01:07:45
548,"Wortel, segar",36,1,0.6,7.9,80,2025-10-10 01:07:45
549,"Bayam, kukus",30,1.3,0.7,5.8,100,2025-10-10 01:07:45
550,"Bayam ,rebus",23,1.2,0.6,3.7,100,2025-10-10 01:07:45
605,Semur jengkol,212,6,10,29.1,100,2025-10-10 01:07:45
551,"Buncis, rebus",30,2.2,0.2,6.4,100,2025-10-10 01:07:45
552,"Daun kacang panjang, kukus",40,3.7,0.3,8,100,2025-10-10 01:07:45
553,"Daun katuk, rebus",53,5.3,0.9,9.1,100,2025-10-10 01:07:45
554,"Daun kelor, rebus",61,6.1,0.9,10,100,2025-10-10 01:07:45
555,"Daun mengkudu, kukus",63,3.8,1.5,11.5,100,2025-10-10 01:07:45
556,"Daun singkong, rebus",31,3.7,0.6,4.8,100,2025-10-10 01:07:45
557,"Daun talas, rebus",27,1.3,0.2,5.9,100,2025-10-10 01:07:45
558,"Daun ubi merah, kukus",56,3.1,0.3,13,100,2025-10-10 01:07:45
559,"Kacang panjang,kukus",39,3,0.6,7.6,100,2025-10-10 01:07:45
560,"Kacang panjang, rebus",30,2.3,0.4,5.8,100,2025-10-10 01:07:45
561,"Kangkung, kukus",30,3.2,0.7,4.7,100,2025-10-10 01:07:45
562,"Kangkung, rebus",22,2.5,0.6,3.1,100,2025-10-10 01:07:45
563,"Paria putih, kukus",16,0.8,0.2,3.4,100,2025-10-10 01:07:45
564,"Selada, rebus",19,2.7,0.2,2.9,100,2025-10-10 01:07:45
565,"Taoge, goreng",88,3.2,2.1,14,100,2025-10-10 01:07:45
566,"Taoge, seduh",28,3,0.8,4,87,2025-10-10 01:07:45
567,"Terung panjang, kukus",23,1.8,0.1,4.9,100,2025-10-10 01:07:45
568,"Wortel, rebus",28,0.7,0.5,6.3,100,2025-10-10 01:07:45
569,"Wortel, kukus",37,1,0.6,8.3,100,2025-10-10 01:07:45
570,"Asinan Bogor, sayuran",98,3.9,2.6,14.8,100,2025-10-10 01:07:45
571,"Anyang, sayur",126,3.4,7.9,10.3,100,2025-10-10 01:07:45
572,"Ares, sayur",113,0.9,7.2,11.2,100,2025-10-10 01:07:45
573,Arwan sirsir,277,2.4,25,10.7,100,2025-10-10 01:07:45
574,Beberuk,65,1.1,5.2,3.5,100,2025-10-10 01:07:45
575,Botok lamtoro,186,11.7,9.7,13,100,2025-10-10 01:07:45
576,Buntil daun talas,141,4.4,10.2,8.0,100.0,2025-10-10 01:07:45
577,Cammetutu,102,3.2,6.0,8.7,100.0,2025-10-10 01:07:45
578,"Cap cai, sayur",97,5.8,6.3,4.2,100.0,2025-10-10 01:07:45
579,Gado-gado,137,6.1,3.2,21.0,100.0,2025-10-10 01:07:45
580,"Gudeg, sayur",160,3.3,9.2,16.0,100.0,2025-10-10 01:07:45
581,Gulai pakis,143,4.0,11.4,6.0,100.0,2025-10-10 01:07:45
582,Gulai pliek,176,7.3,14.9,3.2,100.0,2025-10-10 01:07:45
583,Kadada katembe,110,4.5,6.9,7.1,100.0,2025-10-10 01:07:45
584,"Kaparende, sayur",38,2.4,2.0,2.6,100.0,2025-10-10 01:07:45
585,"Karedok, sayur",92,2.2,3.3,14.1,100.0,2025-10-10 01:07:45
586,Keripik bayam,586,4.9,40.6,50.2,100.0,2025-10-10 01:07:45
587,Kotiu hinela tawang nggole,46,2.2,1.5,6.0,100.0,2025-10-10 01:07:45
588,Lema/ Rebung asam,15,1.0,0.4,1.9,100.0,2025-10-10 01:07:45
589,Lilin bungkus gedi,79,2.3,5.2,5.8,100.0,2025-10-10 01:07:45
590,Olah-olah,9,2.1,6.0,7.1,100.0,2025-10-10 01:07:45
591,Paku hinela wulelenggapaya,77,3.5,4.6,5.4,100.0,2025-10-10 01:07:45
592,Pelecing kangkung,75,2.5,2.8,10.0,100.0,2025-10-10 01:07:45
593,Purundawa,25,1.5,0.5,3.6,100.0,2025-10-10 01:07:45
594,Rujak cingur,153,11.3,8.4,8.0,100.0,2025-10-10 01:07:45
595,Sayur asem,29,0.7,0.6,5.0,100.0,2025-10-10 01:07:45
596,Sayur bunga pepaya,49,1.7,0.3,9.8,100.0,2025-10-10 01:07:45
597,Sayur garu,178,2.6,13.9,10.6,100.0,2025-10-10 01:07:45
598,Sayur kohu-kohu,133,7.3,6.6,11.2,100.0,2025-10-10 01:07:45
599,Sayur lilin-terubuk,36,2.7,0.7,4.8,100.0,2025-10-10 01:07:45
600,Sayur ndusuk,49,3.1,2.5,3.6,100.0,2025-10-10 01:07:45
601,Sayur sop,27,1.3,2.0,1,100.0,2025-10-10 01:07:45
602,Sayur umbut kelapa,67,5.2,2.9,5.1,100.0,2025-10-10 01:07:45
603,Sayur umbut rotan,57,5.4,2.6,3.1,100.0,2025-10-10 01:07:45
604,Shabu-shabu,88,3.2,8,0.8,100,2025-10-10 01:07:45
606,Tinira ninahu nggaluku,33,1.2,1.3,4.1,100,2025-10-10 01:07:45
607,Tumis bayam bersantan,48,1.4,4.2,2.6,100,2025-10-10 01:07:45
608,Waluh balamak,45,0.8,0.9,8.1,100,2025-10-10 01:07:45
609,Woku ubi,143,3.1,7.8,15,100,2025-10-10 01:07:45
610,"Alpukat, segar",85,0.9,6.5,7.7,61,2025-10-10 01:07:45
611,"Anggur hutan, segar",30,0.5,0.2,6.8,100,2025-10-10 01:07:45
612,"Apel malang, segar",57,0.5,0.4,12.8,88,2025-10-10 01:07:45
613,"Apel, segar",58,0.3,0.4,14.9,88,2025-10-10 01:07:45
614,"Arbai, segar",37,0.8,0.5,8.3,96,2025-10-10 01:07:45
615,"Belimbing, segar",36,0.4,0.4,8.8,86,2025-10-10 01:07:45
616,"Biwah, segar",51,0.3,0.1,12.1,66,2025-10-10 01:07:45
617,"Buah atung, segar",23,0.8,0.2,5.2,80,2025-10-10 01:07:45
618,"Buah kelenting, segar",110,1.4,2.1,21.4,77,2025-10-10 01:07:45
619,"Buah kom, segar",264,4,1.1,59.6,100,2025-10-10 01:07:45
621,"Buah Naga Merah, segar",71,1.7,3.1,9.1,66.5,2025-10-10 01:07:45
622,"Buah Naga Putih, segar",56,0.8,1,10.9,73.6,2025-10-10 01:07:45
623,"Buah negri, segar",55,1.2,0.1,12.2,48,2025-10-10 01:07:45
624,"Buah nona, segar",101,1.7,0.6,25.2,58,2025-10-10 01:07:45
625,"Buah rotan, segar",78,0.6,0.3,18.2,0,2025-10-10 01:07:45
626,"Buah rukam, segar",113,0.8,0.3,26.8,100,2025-10-10 01:07:45
627,"Buah ruruhi, segar",29,2.1,0.7,3.6,82,2025-10-10 01:07:45
628,"Buah tuppa, segar",67,0.4,0.2,15.9,0,2025-10-10 01:07:45
629,"Carica papaya, segar",24,1.9,0.2,3.7,60,2025-10-10 01:07:45
630,"Cempedak, segar",116,3,0.4,28.6,30,2025-10-10 01:07:45
631,"Duku, segar",63,1,0.2,16.1,64,2025-10-10 01:07:45
632,"Durian, segar",149,2.5,3,21.5,22,2025-10-10 01:07:45
633,"Duwet, segar",80,0.5,0.6,18.2,67,2025-10-10 01:07:45
634,"Embacang, segar",98,1.4,0.2,25.4,65,2025-10-10 01:07:45
635,"Encung asam, segar",122,3.5,4.5,17.5,98,2025-10-10 01:07:45
636,"Erbis, segar",70,0.6,0,18.9,33,2025-10-10 01:07:45
637,Gandaria masak,68,0.7,0.1,18,70,2025-10-10 01:07:45
638,"Gatep, segar",191,4.5,1.5,39.7,100,2025-10-10 01:07:45
639,"Jambu air, segar",46,0.6,0.2,11.8,90,2025-10-10 01:07:45
640,Jambu biji,64,0.9,0.3,12.2,82,2025-10-10 01:07:45
641,Jambu bj putih tdk brbj,61,0.9,0.3,15.4,82,2025-10-10 01:07:45
642,"Jambu bol, segar",49,2.3,0.2,9.6,67,2025-10-10 01:07:45
643,"Jambu monyet, segar",49,0.7,0.6,15.8,90,2025-10-10 01:07:45
644,"Jeruk bali, segar",48,0.6,0.2,12.4,62,2025-10-10 01:07:45
645,"Jeruk banjar, segar",61,0.8,0.2,14.1,72,2025-10-10 01:07:45
646,Jeruk garut-keprok,44,0.8,0.3,10.9,71,2025-10-10 01:07:45
647,"Jeruk Kalamansi, segar",39,0.3,0.3,8.9,100,2025-10-10 01:07:45
648,"Jeruk manis, segar",45,0.9,0.2,11.2,72,2025-10-10 01:07:45
649,"Jeruk nipis, segar",44,0.5,0.2,10,76,2025-10-10 01:07:45
650,"Jeruk ragi, segar",49,0.7,0.2,11.1,59,2025-10-10 01:07:45
651,"Kawista, segar",120,3.5,2.5,20.8,72,2025-10-10 01:07:45
652,"Kedondong masak, segar",46,1,0.1,10.3,58,2025-10-10 01:07:45
653,"Kedondong, segar",47,0.5,0.2,10.4,58,2025-10-10 01:07:45
654,"Kelapa hutan, kering",623,2,52.1,36.5,0,2025-10-10 01:07:45
655,"Kelapa muda, daging, segar",68,1,0.9,14,53,2025-10-10 01:07:45
656,"Kemang, segar",48,1,0.2,11.9,65,2025-10-10 01:07:45
657,"Kesemek, segar",78,0.8,0.4,20,97,2025-10-10 01:07:45
658,"Kokosan, segar",86,1.6,0.2,13,64,2025-10-10 01:07:45
659,"Kranji, segar",315,2.1,1.4,73.5,31,2025-10-10 01:07:45
660,"Langsat, segar",56,0.9,0.2,14.3,64,2025-10-10 01:07:45
661,"Lemon, segar",34,0.5,0.8,6.2,100,2025-10-10 01:07:45
662,"Lontar, segar",27,0.4,0.2,6,79,2025-10-10 01:07:45
663,"Mangga, segar",52,0.7,0,12.3,65,2025-10-10 01:07:45
664,"Mangga benggala, segar",63,2.4,0.4,12.4,65,2025-10-10 01:07:45
665,"Mangga gedung, segar",44,0.7,0.2,11.2,65,2025-10-10 01:07:45
666,"Mangga golek, segar",63,0.5,0.2,16.7,65,2025-10-10 01:07:45
667,"Mangga harumanis, segar",46,0.4,0.2,11.9,65,2025-10-10 01:07:45
668,"Mangga indramayu, segar",72,0.8,0.2,18.7,65,2025-10-10 01:07:45
669,"Mangga kopek, segar",56,0.4,0.2,14.6,65,2025-10-10 01:07:45
670,"Mangga kwini, segar",86,0.7,0.5,19.8,65,2025-10-10 01:07:45
671,"Mangga manalagi, segar",133,1,0.1,32.1,65,2025-10-10 01:07:45
672,"Mangga muda, segar",59,0.5,0.4,15.1,73,2025-10-10 01:07:45
673,"Manggis, segar",63,0.6,0.6,15.6,29,2025-10-10 01:07:45
674,"Markisa, segar",144,3.5,1.2,29.8,48,2025-10-10 01:07:45
675,"Matoa, segar",90,1.2,0.1,21.1,40,2025-10-10 01:07:45
676,"Melon, segar",37,0.6,0.4,7.8,58.1,2025-10-10 01:07:45
677,"Menteng, segar",65,1.7,0.3,16.1,64,2025-10-10 01:07:45
678,"Nanas palembang, segar",58,0.7,0.2,13.3,53,2025-10-10 01:07:45
679,"Nanas, segar",40,0.6,0.3,9.9,53,2025-10-10 01:07:45
680,"Nangka masak pohon, segar",106,1.2,0.3,27.6,28,2025-10-10 01:07:45
681,"Pala, daging, segar",42,0.3,0.2,10.9,30,2025-10-10 01:07:45
682,"Pepaya, segar",46,0.5,0.1,12.2,75,2025-10-10 01:07:45
683,"Pisang ambon, segar",108,1,0.8,24.3,75,2025-10-10 01:07:45
685,"Pisang ayam, segar",120,1.1,0.2,26.8,75,2025-10-10 01:07:45
686,"Pisang gapi, segar",131,1.6,0.1,31.1,75,2025-10-10 01:07:45
687,"Pisang goroho, segar",119,1.5,0.2,27.9,75,2025-10-10 01:07:45
688,"Pisang hijau, segar",121,1,0.1,28.9,72,2025-10-10 01:07:45
689,"Pisang kayu, segar",100,1.4,0.5,23.6,75,2025-10-10 01:07:45
690,"Pisang kepok, segar",109,0.8,0.5,26.3,75,2025-10-10 01:07:45
691,"Pisang ketip, segar",145,1.1,0.3,34.5,75,2025-10-10 01:07:45
692,"Pisang kidang, segar",96,1,0.2,22.5,70,2025-10-10 01:07:45
693,"Pisang lampung, segar",99,1.3,0.2,25.6,75,2025-10-10 01:07:45
694,"Pisang mas bali ampenan, segar",92,1.4,0.2,21,75,2025-10-10 01:07:45
695,"Pisang mas bali kopang, segar",127,1.4,0.2,31.8,75,2025-10-10 01:07:45
696,"Pisang mas, segar",127,1.4,0.2,33.6,85,2025-10-10 01:07:45
697,"Pisang raja sereh, segar",108,1.3,0.3,28.2,86,2025-10-10 01:07:45
698,"Pisang raja, segar",120,1.2,0.2,31.8,70,2025-10-10 01:07:45
699,"Pisang rotan, segar",98,1.3,1.2,20.5,56,2025-10-10 01:07:45
700,"Pisang talas, segar",113,1.2,0.2,26.7,75,2025-10-10 01:07:45
701,Pisang tujuh bulan,94,0.6,0.2,22.5,75,2025-10-10 01:07:45
702,"Pisang ua, segar",128,0.8,0.5,30.2,75,2025-10-10 01:07:45
703,"Pisang uli, segar",134,1.1,0.5,35.5,77,2025-10-10 01:07:45
704,"Purut, segar",76,4.1,1.1,15.2,34,2025-10-10 01:07:45
705,"Rambutan binjai, segar",76,0.5,0.2,18,40,2025-10-10 01:07:45
706,"Rambutan, segar",69,0.9,0.1,18.1,40,2025-10-10 01:07:45
707,"Salak bali, segar",57,0.5,0.1,13.6,93,2025-10-10 01:07:45
708,"Salak medan, segar",55,0.4,0.2,12.8,93,2025-10-10 01:07:45
709,"Salak pondoh, segar",87,0.8,0.4,20.1,59,2025-10-10 01:07:45
710,"Salak, segar",77,0.4,0,20.9,93,2025-10-10 01:07:45
711,"Sawo duren, segar",64,1,3.1,8,64,2025-10-10 01:07:45
712,"Sawo kecik, segar",111,0.9,2.3,21.6,83,2025-10-10 01:07:45
713,"Sawo Manila, segar",92,0.5,1.1,22.4,79,2025-10-10 01:07:45
714,"Semangka, segar",28,0.5,0.2,6.9,46,2025-10-10 01:07:45
715,"Sirsak, segar",65,1,0.3,16.3,68,2025-10-10 01:07:45
716,"Sowa, segar",48,1.6,0.6,9.1,0,2025-10-10 01:07:45
717,"Srikaya, segar",63,1.1,0.5,13.9,48,2025-10-10 01:07:45
718,"Sukun muda, segar",119,1.4,0.2,28.1,84,2025-10-10 01:07:45
719,"Sukun tua, segar",126,1.6,0.2,24.5,88,2025-10-10 01:07:45
720,"Vigus, segar",44,2.4,0.1,8.3,0,2025-10-10 01:07:45
721,"Wani, segar",74,0.8,0.3,17.1,77,2025-10-10 01:07:45
722,Barongko,159,3.1,5.8,23.5,100,2025-10-10 01:07:45
723,Dodol nanas,338,1.5,1.2,80.3,100,2025-10-10 01:07:45
724,Getuk pisang,144,1.1,0.4,34.1,100,2025-10-10 01:07:45
725,Keripik lampung,485,1.7,22.2,69.7,100,2025-10-10 01:07:45
726,Ledre pisang,405,4.8,5.1,84.9,100,2025-10-10 01:07:45
727,Lempog durian,320,3.5,5.7,63.7,100,2025-10-10 01:07:45
728,Loka anjoro,163,1.1,4.3,30,100,2025-10-10 01:07:45
729,Rica-rica taipa,49,1.6,0.3,10,100,2025-10-10 01:07:45
730,Rujak aceh,82,0.4,0.3,19.7,100,2025-10-10 01:07:45
731,Sale kesemek,296,1.1,0.6,71.2,100,2025-10-10 01:07:45
732,Sale pisang siam,281,2.4,0.7,66.1,100,2025-10-10 01:07:45
733,"Sale pisang, cilacap",295,2.3,2.1,66.9,100,2025-10-10 01:07:45
734,Sanggara belanda,242,6.4,7.1,38.2,100,2025-10-10 01:07:45
735,Tepung Pisang,338,2.9,0.4,80.6,100,2025-10-10 01:07:45
736,Tepung Sukun,353,2.9,0.5,84.4,100,2025-10-10 01:07:45
737,"Anak sapi, daging, gemuk, segar",184,18.8,14,0,100,2025-10-10 01:07:45
738,"Anak sapi, daging, kurus, segar",174,19.6,10,0,100,2025-10-10 01:07:45
739,"Anak sapi, daging, sedang, segar",190,19.1,12,0,100,2025-10-10 01:07:45
740,"Angsa, daging, segar",349,16.4,31.5,0,60,2025-10-10 01:07:45
741,"Ayam, daging, segar",298,18.2,25,0,58,2025-10-10 01:07:45
742,"Ayam, dideh/darah, segar",75,13.8,1.9,0.7,100,2025-10-10 01:07:45
743,"Ayam, hati, segar",261,27.4,16.1,1.6,100,2025-10-10 01:07:45
744,"Babi, daging, gemuk,segar",453,11.9,45,0,100,2025-10-10 01:07:45
745,"Babi, daging, kurus, segar",371,14.1,35,0,100,2025-10-10 01:07:45
746,"Babi, ginjal, segar",110,16.3,4.6,0.8,100,2025-10-10 01:07:45
747,"Babi, hati, segar",129,19.7,4.8,1.7,100,2025-10-10 01:07:45
749,"Bebek alabio, daging, segar",303,11.3,27,3.7,100,2025-10-10 01:07:45
750,"Belibis, daging, segar",131,20.2,4.3,2.8,100,2025-10-10 01:07:45
751,"Burung, sarang, segar",281,37.5,0.3,32.1,100,2025-10-10 01:07:45
752,"Domba, daging, gemuk, segar",317,15.7,27.7,0,100,2025-10-10 01:07:45
753,"Domba, daging, kurus, segar",202,17.1,14.8,0,100,2025-10-10 01:07:45
754,"Domba, ginjal, segar",100,16.6,3.3,1,100,2025-10-10 01:07:45
755,"Kambing, daging, segar",149,16.6,9.2,0,100,2025-10-10 01:07:45
756,"Kelinci, daging, segar",142,16.9,7.8,0,100,2025-10-10 01:07:45
757,"Kerbau, daging, segar",79,18.7,0.5,0,100,2025-10-10 01:07:45
758,"Kuda, daging, segar",113,18.1,4.1,0.9,100,2025-10-10 01:07:45
759,"Sapi, babat, segar",108,17.6,4.2,0,100,2025-10-10 01:07:45
760,"Sapi, daging, gemuk, segar",273,17.5,22,0,100,2025-10-10 01:07:45
761,"Sapi, daging, kurus, segar",174,19.6,10,0,100,2025-10-10 01:07:45
762,"Sapi, daging, lemak sedang, segar",201,18.8,14,0,100,2025-10-10 01:07:45
763,"Sapi, daleman, segar",183,12,14.4,1.4,100,2025-10-10 01:07:45
764,"Sapi, dideh/darah",98,21.9,1.1,0,100,2025-10-10 01:07:45
765,"Sapi, ginjal, segar",137,15,8.1,0.9,100,2025-10-10 01:07:45
766,"Sapi, keleponan, segar",84,10.5,4.6,0.2,100,2025-10-10 01:07:45
767,"Sapi, liver, segar",132,19.7,3.2,6,100,2025-10-10 01:07:45
768,"Sapi, otak, segar",123,10.4,8.6,0.8,100,2025-10-10 01:07:45
769,"Sapi, usus, segar",126,14,7.2,1.5,100,2025-10-10 01:07:45
770,Ulat sagu segar,241,5.8,21.6,5.8,100,2025-10-10 01:07:45
771,"Ayam, ampela, goreng",270,32.3,11.2,9.9,100,2025-10-10 01:07:45
772,"Ayam, usus, goreng",473,45.2,26.3,13.9,100,2025-10-10 01:07:45
773,"Bebek, daging, goreng",300,24,20.7,4.5,100,2025-10-10 01:07:45
774,"Buaya, daging, dendeng, mentah",365,49.6,4.8,30.8,100,2025-10-10 01:07:45
775,Ham,384,16.9,35,0.3,100,2025-10-10 01:07:45
776,"Itik alabio, daging, dendeng, mentah",496,30.3,33.5,18.4,100,2025-10-10 01:07:45
777,Kerupuk urat,588,53.7,40.9,1.2,100,2025-10-10 01:07:45
778,"Menjangan, daging, dendeng, mentah",322,55.8,2,22.7,100,2025-10-10 01:07:45
779,"Punai, daging, goreng",224,26.2,11.3,4.4,100,2025-10-10 01:07:45
780,"Rusa, daging, dendeng, mentah",536,40.5,41.5,0,100,2025-10-10 01:07:45
781,"Sapi, abon",212,18,10.6,59.3,100,2025-10-10 01:07:45
782,"Sapi, abon, asli",358,14.6,16.1,38.6,100,2025-10-10 01:07:45
783,"Sapi, daging, asap",182,32,6,0,100,2025-10-10 01:07:45
784,"Sapi, daging, dendeng, mentah",301,55,9,0,100,2025-10-10 01:07:45
785,"Sapi, daging, kornet",289,16,25,0,100,2025-10-10 01:07:45
786,"Sapi, daging, sosis (Worst)",448,14.5,42.3,2.3,100,2025-10-11 04:06:44
788,"Sapi, paru, dendeng, mentah",360,57.3,6,19.2,100,2025-10-10 01:07:45
789,"Sapi, paru, goreng",268,23.9,12.7,14.5,100,2025-10-10 01:07:45
790,"Ulat sagu, panggang",380,11.9,30.3,14.9,100,2025-10-10 01:07:45
791,"Ayam goreng church texas, dada",338,35.2,20.6,0.4,100,2025-10-10 01:07:45
792,"Ayam goreng church,texas paha",287,31,15.7,1.7,100,2025-10-10 01:07:45
793,"Ayam goreng church texas, sayap",295,34,16,1.5,100,2025-10-10 01:07:45
794,"Ayam goreng kalasan, paha",275,37.4,12.2,1.3,100,2025-10-10 01:07:45
795,"Ayam goreng kentucky, dada",298,34.2,16.8,0.1,100,2025-10-10 01:07:45
796,"Ayam goreng Kentucky, paha",286,32.1,16.1,1.1,100,2025-10-10 01:07:45
797,"Ayam goreng Kentucky,sayap",297,35.9,15.2,1.6,100,2025-10-10 01:07:45
798,Ayam goreng mbok berek dada,295,39.2,13.6,1,100,2025-10-10 01:07:45
799,"Ayam goreng pasundan, dada",246,37.9,9,0.7,100,2025-10-10 01:07:45
800,"Ayam goreng pasundan, paha",245,33.1,11.4,0.3,100,2025-10-10 01:07:45
801,"Ayam goreng pioneer, dada",295,37.4,14.7,0.6,100,2025-10-10 01:07:45
802,"Ayam goreng sukabumi, dada",244,36.7,9.2,1,100,2025-10-10 01:07:45
803,"Ayam goreng sukabumi, paha",283,35.7,14.3,0.5,100,2025-10-10 01:07:45
804,"Ayam taliwang, masakan",264,18.2,20.1,2.7,100,2025-10-10 01:07:45
805,"Babi hutan masak rica, masakan",491,24.6,16.3,0.2,100,2025-10-10 01:07:45
806,Beef burger,258,10.6,9.5,32.5,100,2025-10-10 01:07:45
807,"Beef teriyaki, masakan",151,8.6,3.1,22.3,100,2025-10-10 01:07:45
808,"Beef yakiniku, masakan",132,9.8,1.1,20.7,100,2025-10-10 01:07:45
809,Brongkos,141,15.3,3.3,12.6,100,2025-10-10 01:07:45
810,"Bulgogi, masakan",72,11.4,4.9,1.4,100,2025-10-10 01:07:45
811,"Chicken teriyaki, masakan",168,13,9.6,7.5,100,2025-10-10 01:07:45
812,"Chikiniku, masakan",143,9.8,1.4,22.8,100,2025-10-10 01:07:45
813,"Coto mangkasara, kuda, masakan",96,6.8,5.9,3.8,100,2025-10-10 01:07:45
814,"Coto mangkasara, sapi, masakan",84,6,6,1.4,100,2025-10-10 01:07:45
815,"Djibokum, masakan",248,10,2.3,40.9,100,2025-10-10 01:07:45
817,Gulai kambing,126,4.2,9.4,6.2,100,2025-10-10 01:07:45
818,"Jangang bintatoeng,masakan",107,5.3,2.2,16.5,100,2025-10-10 01:07:45
819,"Kalio ayam, masakan",203,16,13.5,4.4,100,2025-10-10 01:07:45
820,"Kalio jeroan, masakan",163,16.5,9,4.1,100,2025-10-10 01:07:45
822,"Kalio otak, masakan",157,8.1,8.8,11.4,100,2025-10-10 01:07:45
823,"Lawar babi, masakan",174,17,10,3,100,2025-10-10 01:07:45
824,"Lawar penyu, masakan",141,23,1.5,7.6,100,2025-10-10 01:07:45
825,"Lawara jangang, masakan",159,5,10.9,10.1,100,2025-10-10 01:07:45
826,"Naan maran sapi, masakan",478,38.3,33.9,5.1,100,2025-10-10 01:07:45
827,"Nasu likku, masakan",196,14.5,8.3,15.9,100,2025-10-10 01:07:45
828,"Oramu ninahu ndawa olaho, masakan",117,13.7,5,4.3,100,2025-10-10 01:07:45
829,"Paniki masak santan, masakan",460,28.5,35.2,7.2,100,2025-10-10 01:07:45
830,"Pelolah manuk, masakan",219,19.7,13.6,4.4,100,2025-10-10 01:07:45
831,"Rawon, masakan",60,5.4,2.5,4,100,2025-10-10 01:07:45
832,"Rendang sapi, masakan",193,22.6,7.9,7.8,100,2025-10-10 01:07:45
833,"RW, anjing, masakan",198,24.6,10.7,0.9,100,2025-10-10 01:07:45
834,"Sate, penyu, masakan",179,22.5,3.5,13.3,100,2025-10-10 01:07:45
835,"Sate pusut, masakan",274,12.9,18.6,13.6,100,2025-10-10 01:07:45
836,"Penyu, serapah, masakan",174,13.1,12.2,2.2,100,2025-10-10 01:07:45
837,"Sie reuboh, masakan",474,11.2,42.5,11.7,100,2025-10-10 01:07:45
838,"Sop buntut, masakan",71,7.5,3.6,2.2,100,2025-10-10 01:07:45
839,"Sop daging sapi, masakan",49,5.8,0.5,5.3,100,2025-10-10 01:07:45
840,"Sop kaki sapi, masakan",68,9.0,1.9,3.7,100,2025-10-10 01:07:45
841,"Sop kambing, masakan",34,5.5,0.8,1.1,100,2025-10-10 01:07:45
842,"Sop konro, masakan",71,7.4,2.6,4.5,100,2025-10-10 01:07:45
843,"Sop saudara, masakan",89,7.2,5.0,3.9,100,2025-10-10 01:07:45
844,"Soto bandung, masakan",42,3.9,1.7,2.8,100,2025-10-10 01:07:45
845,"Soto banjar, masakan",110,2.9,9.5,3.2,100,2025-10-10 01:07:45
846,"Soto betawi, masakan",135,2.5,8.8,11.5,100,2025-10-10 01:07:45
847,"Soto jeroan, masakan",92,11.8,4.3,1.4,100,2025-10-10 01:07:45
848,"Soto kudus, masakan",38,2.6,2.3,1.8,100,2025-10-10 01:07:45
849,"Soto madura, masakan",60,3.5,4.5,1.3,100,2025-10-10 01:07:45
850,"Soto padang, masakan",127,5.9,6.6,11.0,100,2025-10-10 01:07:45
851,"Soto pekalongan, masakan",94,3.0,6.8,5.1,100,2025-10-10 01:07:45
852,"Soto pemalang, masakan",75,3.6,5.2,3.5,100,2025-10-10 01:07:45
853,"Soto sukaraja, masakan",80,3.2,3.5,9.0,100,2025-10-10 01:07:45
854,"Soto sulung, masakan",86,2.3,8.5,0.0,100,2025-10-10 01:07:45
855,"Sukiyaki, masakan",75,5.6,0.4,12.2,100,2025-10-10 01:07:45
856,"Tedong pallu basa, masakan",83,10.4,3.4,2.8,100,2025-10-10 01:07:45
857,"Tikus rica, masakan",257,18.8,18.5,3.8,100,2025-10-10 01:07:45
858,"Tinoransa, masakan",516,17.7,49.5,0.0,100,2025-10-10 01:07:45
859,"Ikan daun, segar",101,11.5,4.1,4.6,0,2025-10-10 01:07:45
860,"Ikan ekor kuning, segar",108,22.3,1.2,2.1,0,2025-10-10 01:07:45
861,"Ikan gabus, segar",80,16.2,0.5,2.6,0,2025-10-10 01:07:45
862,"Ikan heu, segar",81,10,1.6,6.6,0,2025-10-10 01:07:45
863,"Ikan hitam, segar",101,10.3,3.7,6.7,0,2025-10-10 01:07:45
864,"Ikan hiu, segar",57,10.7,0.3,2.2,0,2025-10-10 01:07:45
865,"Ikan kacangan, segar",77,15.6,0.9,1.6,0,2025-10-10 01:07:45
866,"Ikan kakap, segar",92,20,0.7,0,0,2025-10-10 01:07:45
867,"Ikan kakatua, segar",82,11.4,1.2,6.4,0,2025-10-10 01:07:45
868,"Ikan kalaban, segar",77,16.4,0.7,1.3,0,2025-10-10 01:07:45
870,"Ikan kapar, segar",132,17,6.7,0.8,0,2025-10-10 01:07:45
871,"Ikan kawalinya, segar",110,12.6,4.2,5.4,0,2025-10-10 01:07:45
872,"Ikan keru-keru, segar",93,16.5,2.1,0.8,55,2025-10-10 01:07:45
873,"Ikan kima, segar",70,10.8,0.7,5.2,0,2025-10-10 01:07:45
874,"Ikan lais, segar",161,11.9,11.5,2.4,62,2025-10-10 01:07:45
875,"Ikan layang, segar",109,22,1.7,0,80,2025-10-10 01:07:45
876,"Ikan layur, segar",82,18,1,0.4,49,2025-10-10 01:07:45
877,"Ikan lehoma, segar",90,20.4,0.9,0,0,2025-10-10 01:07:45
878,"Ikan lemuru, segar",112,20,3,0,80,2025-10-10 01:07:45
879,"Ikan lidah, segar",104,15.6,3.2,2,0,2025-10-10 01:07:45
880,"Ikan malalugis, segar",99,20.6,1.4,0.9,0,2025-10-10 01:07:45
881,"Ikan mamar merah, segar",115,15.3,4,4.4,0,2025-10-10 01:07:45
882,"Ikan mas, segar",86,16,2,0,80,2025-10-10 01:07:45
883,"Ikan mayong, segar",97,17.9,2,0.4,89,2025-10-10 01:07:45
884,"Ikan mujahir, segar",89,18.7,1,0,80,2025-10-10 01:07:45
885,"Ikan nasu metti, segar",154,16.8,5,10.5,0,2025-10-10 01:07:45
886,"Ikan oci, kembung, segar",125,21.3,3.4,2.2,80,2025-10-10 01:07:45
887,"Ikan paling, segar",303,14,27,0,100,2025-10-10 01:07:45
888,"Ikan papuyu/ betok, segar",120,14.3,4.9,4.6,0,2025-10-10 01:07:45
889,"Ikan patin, segar",132,17,6.6,1.1,0,2025-10-10 01:07:45
890,"Ikan pomo, segar",147,22.5,5.2,2.6,0,2025-10-10 01:07:45
891,"Ikan puntin, segar",76,14.4,1.1,2.2,0,2025-10-10 01:07:45
892,"Ikan saluang, segar",113,13.9,4.9,3.4,89,2025-10-10 01:07:45
893,"Ikan sarden, segar",109,19.9,1.8,3.4,0,2025-10-10 01:07:45
894,"Ikan selar, segar",100,18.8,2.2,0,48,2025-10-10 01:07:45
895,"Ikan sepat, segar",84,15.2,0.6,4.7,75,2025-10-10 01:07:45
896,"Ikan sidat, segar",81,11.4,1.9,3.8,100,2025-10-10 01:07:45
897,"Ikan sunu, segar",111,13.3,3.4,6.7,70,2025-10-10 01:07:45
898,"Ikan tahuman, segar",88,15.9,0.9,4.1,0,2025-10-10 01:07:45
899,"Ikan tarmon, segar",96,19.5,1.1,2,0,2025-10-10 01:07:45
900,"Ikan telan, segar",95,15.8,0.7,6.5,0,2025-10-10 01:07:45
901,"Ikan tembang, segar",204,16,15,0,80,2025-10-10 01:07:45
902,"Ikan tempahas, segar",101,15.1,4.1,1,0,2025-10-10 01:07:45
903,"Ikan terbang, segar",98,19.6,1.7,1,0,2025-10-10 01:07:45
904,"Ikan teri, segar",74,10.3,1.4,4.1,100,2025-10-10 01:07:45
905,"Ikan titang, segar",82,17.4,0.4,2.3,0,2025-10-10 01:07:45
906,"Ikan tongkol, segar",100,13.7,1.5,8,100,2025-10-10 01:07:45
907,"Ikan turi, segar",96,19.2,2,0.2,0,2025-10-10 01:07:45
908,"Keong, segar",64,12,1,2,46,2025-10-10 01:07:45
909,"Kepiting, segar",151,13.8,3.8,14.1,45,2025-10-10 01:07:45
910,"Kerang, segar",101,14.4,2.6,3.9,100,2025-10-10 01:07:45
911,"Kodok, segar",73,16.4,0.3,0,65,2025-10-10 01:07:45
912,"Kura-kura, segar",83,19.1,0.2,0,70,2025-10-10 01:07:45
913,"Kuro, segar",87,16,2.2,1,52,2025-10-10 01:07:45
914,"Lokan, segar",217,11,1.7,5.1,0,2025-10-10 01:07:45
915,"Rajungan, segar",76,12.1,2,2.4,0,2025-10-10 01:07:45
916,"Rebon, udang kecil, segar",81,16.2,1.2,0.7,100,2025-10-10 01:07:45
917,Rusip,110,11.5,2,11.7,100,2025-10-10 01:07:45
918,"Udang galah, segar",81,16.5,0.3,3.0,68,2025-10-10 01:07:45
919,"Udang, besar, segar",56,11.4,0.6,1.2,68,2025-10-10 01:07:45
920,"Udang, segar",91,21,0.2,0.1,68,2025-10-10 01:07:45
921,"Bekicot, dendeng, mentah",441,48.7,20.3,15.8,100,2025-10-10 01:07:45
922,"Belut, goreng",417,25.9,19.4,32,0,2025-10-10 01:07:45
923,"Cumi-cumi, goreng",265,40.6,10.1,0,0,2025-10-10 01:07:45
924,"Ikan asin, kering",193,42,1.5,0,70,2025-10-10 01:07:45
925,"Ikan bandeng presto, masakan",296,17.1,20.3,11.3,100,2025-10-10 01:07:45
926,Ikan baung bakar,144,17.8,5.8,5.2,0,2025-10-10 01:07:45
927,Ikan Belida bakar,128,18,3,7.2,0,2025-10-10 01:07:45
928,"Ikan cakalang asap, mentah",204,34.2,5.6,1.9,70,2025-10-10 01:07:45
929,"Ikan cakalang asin, mentah",198,36.5,2.2,5.5,70,2025-10-10 01:07:45
930,"Ikan calo/ peda, mentah",81,11.4,1.9,3.8,100,2025-10-10 01:07:45
931,"Ikan Gabus asap, mentah",261,38.1,2.3,21.9,80,2025-10-10 01:07:45
932,"Ikan Gabus, kering",268,58,4,0,80,2025-10-10 01:07:45
933,"Ikan gete, goreng",267,23.1,19.4,0.2,0,2025-10-10 01:07:45
934,"Ikan hiu, kering",298,46.3,3.6,20.2,0,2025-10-10 01:07:45
935,"Ikan katombo, asin",162,31.7,2.8,0.3,70,2025-10-10 01:07:45
936,"Ikan kayu, kering",302,70.7,1.9,0.4,0,2025-10-10 01:07:45
937,Ikan Lais bakar,147,17.5,6.5,5.4,0,2025-10-10 01:07:45
938,"Ikan lomak asin, mentah",258,40.3,2.3,18.9,0,2025-10-10 01:07:45
939,Ikan Mas pepes,209,15.2,11.3,11.8,100,2025-10-10 01:07:45
940,Ikan mujahir goreng,416,46.9,23.9,0,100,2025-10-10 01:07:45
941,Ikan Mujahir pepes,121,21.7,2.8,0.8,100,2025-10-10 01:07:45
942,"Ikan mujahir, dendeng, mentah",582,68.3,15.2,37.2,100,2025-10-10 01:07:45
943,"Ikan Papuyu, bakar",152,17.6,6.1,6.7,0,2025-10-10 01:07:45
944,"Ikan Patin, bakar",144,17.5,6.3,4.3,0,2025-10-10 01:07:45
945,"Ikan peda banjar, mentah",156,28,4,2,90,2025-10-10 01:07:45
946,"Ikan pepetek, mentah",176,32,4.4,2,0,2025-10-10 01:07:45
947,"Ikan Pindang banjar, mentah",157,28,4.2,1.8,0,2025-10-10 01:07:45
948,"Ikan Pindang benggol, mentah",170,31,4.2,0,0,2025-10-10 01:07:45
949,"Ikan Pindang layang, mentah",153,30,2.8,0,0,2025-10-10 01:07:45
950,"Ikan Pindang selar, mentah",142,27,3,0,0,2025-10-10 01:07:45
951,"Ikan sale, mentah",534,40.2,39.3,4.9,100,2025-10-10 01:07:45
952,"Ikan sale lais, mentah",415,61.3,17.6,2.9,0,2025-10-10 01:07:45
953,"Ikan saluang, kering, mentah",284,34.1,9.9,14.6,0,2025-10-10 01:07:45
954,"Ikan sanggang, masakan",240,21.7,7.7,20.7,0,2025-10-10 01:07:45
955,"Ikan selar kuning, cue, mentah",138,27,3.3,0,90,2025-10-10 01:07:45
956,"Ikan selar, kering, mentah",194,38,3.5,0,0,2025-10-10 01:07:45
957,"Ikan sepat, kering, mentah",289,38,14,0,0,2025-10-10 01:07:45
958,"Ikan sunu, asin, mentah",199,34.1,3.8,7.1,0,2025-10-10 01:07:45
959,"Ikan, tepung, mentah",316,60,6.5,22.4,0,2025-10-10 01:07:45
960,"Ikan Teri nasi, kering, mentah",144,32.5,0.6,0,0,2025-10-10 01:07:45
961,"Ikan Teri, bubuk, mentah",277,60,2.3,1.8,0,2025-10-10 01:07:45
962,"Ikan teri, kering, mentah",170,33.4,3,0.8,0,2025-10-10 01:07:45
963,"Ikan Teri, kering, tawar, mentah",331,68.7,4.2,0,0,2025-10-10 01:07:45
964,"Ikan Teri, tepung, mentah",347,48.8,6.4,19.6,0,2025-10-10 01:07:45
965,"Kerang, asap, mentah",393,38.9,13.3,29.4,100,2025-10-10 01:07:45
966,"Kerang, dendeng, mentah",357,41.1,10,25.6,100,2025-10-10 01:07:45
967,"Rebon, kering, mentah",299,59.4,3.6,3.2,0,2025-10-10 01:07:45
968,"Rebung laut, mentah",320,7.2,4.2,63.3,0,2025-10-10 01:07:45
969,Sardines dalam kaleng,338,21.1,27,1,0,2025-10-10 01:07:45
970,"Teripang, dendeng, mentah",462,39.1,32.4,3.5,100,2025-10-10 01:07:45
971,"Udang kering, mentah",278,62.6,4.1,2.2,0,2025-10-10 01:07:45
972,"Udang papay, mentah",273,47.8,3.8,12.5,0,2025-10-10 01:07:45
973,Abon haruwan,513,23.7,37,21.3,100,2025-10-10 01:07:45
974,Abon ikan,435,27.2,20.2,36.1,100,2025-10-10 01:07:45
975,"Betok wadi, masakan",145,16.3,7,4.1,0,2025-10-10 01:07:45
976,"Bou ninahu ndamate, masakan",79,16.3,1,1.1,0,2025-10-10 01:07:45
977,"Bouiki ninahu nggaluku, masakan",94,7.8,2.2,10.8,0,2025-10-10 01:07:45
979,"Dendeng belut, goreng, masakan",382,55.7,14.1,8,0,2025-10-10 01:07:45
980,"Dendeng mujahir, goreng, masakan",598,74.3,26.9,9.2,0,2025-10-10 01:07:45
981,Fillet o-fish,270,12.3,15.9,19.3,0,2025-10-10 01:07:45
982,"Gete kuah asam, masakan",75,8.2,2,6,0,2025-10-10 01:07:45
983,"Gulai asam keueung, masakan",52,10,0.5,1.8,0,2025-10-10 01:07:45
984,"Gulai ikan, masakan",106,16.5,3.3,2.5,0,2025-10-10 01:07:45
985,"Gulai ikan paya, masakan",148,10,9.8,5,0,2025-10-10 01:07:45
986,"Gulai keumamah, masakan",110,5.9,8.2,3.2,100,2025-10-10 01:07:45
987,"Gulai tiram, masakan",132,9,7.2,7.8,0,2025-10-10 01:07:45
988,"Gurame asem manis, masakan",192,12.7,10.1,12.7,0,2025-10-10 01:07:45
989,"Ikan asar merah, masakan",146,17.7,5.9,5.6,0,2025-10-10 01:07:45
990,"Jambal goreng, masakan",286,48.5,9.2,2.3,0,2025-10-10 01:07:45
991,"Jukku pallu kaloa, masakan",15,15.2,4.3,8.8,0,2025-10-10 01:07:45
992,"Kaholeo, masakan",413,28.7,19.8,29.8,0,2025-10-10 01:07:45
993,Lawara penjah,207,7.4,15.4,9.6,100,2025-10-10 01:07:45
994,"Model, masakan",79,2.2,4,8.6,0,2025-10-10 01:07:45
995,"Mujahir acar kuning, masakan",330,17.8,23.4,12.1,0,2025-10-10 01:07:45
996,"Parede baleh, masakan",87,10.5,2.5,5.5,0,2025-10-10 01:07:45
997,"Pempek adaan, masakan",162,4.9,3,27.8,0,2025-10-10 01:07:45
998,"Pempek belida, masakan",156,4.2,1.4,31.6,0,2025-10-10 01:07:45
999,"Pempek kapal selam, masakan",152,4.5,2.3,28.2,0,2025-10-10 01:07:45
1000,"Pempek kelesan, masakan",211,12.3,6.1,26.6,0,2025-10-10 01:07:45
1001,"Pempek kulit, masakan",243,5.2,7.3,39.1,0,2025-10-10 01:07:45
1002,"Pempek telur, masakan",156,4.7,2.7,28.3,0,2025-10-10 01:07:45
1003,"Pempek tenggiri, masakan",173,7.2,1.2,33.4,0,2025-10-10 01:07:45
1004,"Pencok lele, masakan",372,7.8,36.3,3.5,0,2025-10-10 01:07:45
1005,Pinda,107,15.9,0.6,0.4,0,2025-10-10 01:07:45
1006,"Pindang kenari, masakan",124,9.5,9.6,0,0,2025-10-10 01:07:45
1007,"Saboko gurita, masakan",87,15.7,1.5,2.6,0,2025-10-10 01:07:45
1008,"Saboko saltan, masakan",113,17.1,3.6,3,0,2025-10-10 01:07:45
1009,"Saboko sardin, masakan",110,12.9,4.3,4.9,0,2025-10-10 01:07:45
1010,Sate Bandeng,283,12.1,16.8,20.9,82.4,2025-10-10 01:07:45
1011,"Sepi, masakan",88,7.9,1.6,10.6,0,2025-10-10 01:07:45
1012,"Tekwan, masakan",53,1.9,0.9,9.4,0,2025-10-10 01:07:45
1013,"Teri belado, masakan",365,23.7,22.3,17.5,0,2025-10-10 01:07:45
1014,"Tumis bandeng, masakan",189,11.3,15.7,0.6,0,2025-10-10 01:07:45
1015,Tumis keumamah,300,14.5,20,15.5,100,2025-10-10 01:07:45
1016,"Telur ayam kampung, segar",174,10.8,14,1.2,87,2025-10-10 01:07:45
1017,"Telur ayam ras, segar",154,12.4,10.8,0.7,89,2025-10-10 01:07:45
1018,"Telur ayam ras, bagian kuning, segar",355,16.3,31.9,0.7,100,2025-10-10 01:07:45
1019,"Telur Ayam ras,bagian putih, segar",50,10.8,0,0.8,100,2025-10-10 01:07:45
1020,"Telur bebek alabio, segar",187,11.8,14.2,3,90,2025-10-10 01:07:45
1021,"Telur bebek, bagian kuning, segar",386,17,35,0.8,100,2025-10-10 01:07:45
1022,"Telur bebek, bagian putih, segar",54,11,0,0.8,100,2025-10-10 01:07:45
1023,"Telur bebek tambak, segar",187,10.9,12.4,7.9,90,2025-10-10 01:07:45
1024,"Telur burung maleo, segar",436,26.5,36.3,0.4,0,2025-10-10 01:07:45
1025,"Telur penyu, segar",136,8.6,10.1,2.7,90,2025-10-10 01:07:45
1026,"Telur burung puyuh, segar",116,10.7,7,1.6,100,2025-10-10 01:07:45
1027,"Telur ayam, dadar, masakan",251,16.3,19.4,1.4,100,2025-10-10 01:07:45
1028,"Telur bebek, asin, mentah",179,13.6,13.3,4.4,83,2025-10-10 01:07:45
1029,"Telur bebek, dadar, masakan",301,20,23.7,0,100,2025-10-10 01:07:45
1030,"Ikan, telur, asin, mentah",358,20.7,26.4,9.4,100,2025-10-10 01:07:45
1031,"Bayau mi balu, masakan",313,6,12.2,44.8,100,2025-10-10 01:07:45
1032,"Cucuru bayau, masakan",349,6.8,18.7,38.3,100,2025-10-10 01:07:45
1033,"Kalio telur, masakan",193,10.6,12.4,9.7,100,2025-10-10 01:07:45
1034,"Kepala susu - krim, segar",204,2.6,20,4,100,2025-10-10 01:07:45
1035,Susu ibu - ASI,62,1.5,3.2,7,100,2025-10-10 01:07:45
1036,"Susu kambing, segar",64,4.3,2.3,6.6,100,2025-10-10 01:07:45
1037,"Susu kerbau, segar",160,6.3,12,7.1,100,2025-10-10 01:07:45
1038,"Susu kuda, segar",40,2,1.1,5.4,100,2025-10-10 01:07:45
1039,"Susu sapi, segar",61,3.2,3.5,4.3,100,2025-10-10 01:07:45
1040,Es krim,210,4,12.5,20.6,100,2025-10-10 01:07:45
1041,Hangop,65,10,1,3.5,100,2025-10-10 01:07:45
1042,Keju,326,22.8,20.3,13.1,100,2025-10-10 01:07:45
1044,"Susu asam untuk bayi, bubuk",418,19,9,65.5,100,2025-10-10 01:07:45
1045,Susu bubuk,513,24.6,30,36.2,100,2025-10-10 01:07:45
1046,Susu kental manis,343,8.2,10,55,100,2025-10-10 01:07:45
1047,Susu kental tak manis,138,7,7.9,9.9,100,2025-10-10 01:07:45
1048,"Susu skim, bubuk",359,35.6,1,52,100,2025-10-10 01:07:45
1049,"Susu skim, segar",36,3.5,0.1,5.1,100,2025-10-10 01:07:45
1050,"Yoghurt, segar",52,3.3,2.5,4,100,2025-10-10 01:07:45
1051,"Kelapa setengah tua, daging, segar",180,4,15,10,53,2025-10-10 01:07:45
1052,"Kelapa tua, daging, segar",359,3.4,34.7,14,53,2025-10-10 01:07:45
1055,Lemak ikan,372,12,29.4,14.4,100,2025-10-10 01:07:45
1057,"Minyak hiu, hati",902,0,100,0,100,2025-10-10 01:07:45
1058,Minyak ikan,902,0,100,0,100,2025-10-10 01:07:45
1059,Minyak kacang tanah,902,0,100,0,100,2025-10-10 01:07:45
1060,Minyak kedelai,883,0,99.9,0,100,2025-10-10 01:07:45
1061,Minyak kelapa,870,1,98,0,100,2025-10-10 01:07:45
1062,Minyak kelapa sawit,884,0,100,0,100,2025-10-10 01:07:45
1063,Minyak wijen,881,0.2,99.7,0,100,2025-10-10 01:07:45
1064,Minyak zaitun,884,0,100,0,100,2025-10-10 01:07:45
1065,Margarin,720,0.6,81,0.4,100,2025-10-10 01:07:45
1066,Mentega,742,0.5,81.6,1.4,100,2025-10-10 01:07:45
1068,Santan murni,324,4.2,34.3,5.6,100,2025-10-10 01:07:45
1069,"Coklat manis, batang",527,2,29.8,62.7,100,2025-10-10 01:07:45
1070,"Coklat pahit,batang",615,5.5,52.9,29.2,100,2025-10-10 01:07:45
1071,"Coklat susu, batang",565,9,35,53.6,100,2025-10-10 01:07:45
1072,Coklat bubuk,311,8,23.8,48.9,0,2025-10-10 01:07:45
1073,Gula aren,368,0,0,92,100,2025-10-10 01:07:45
1074,Gula kelapa,386,3,10,76,100,2025-10-10 01:07:45
1075,Gula putih,394,0,0,94,100,2025-10-10 01:07:45
1076,"Jam, selai",239,0.5,0.6,64.5,100,2025-10-10 01:07:45
1077,Kopi bubuk instant,129,12.3,0.5,35,100,2025-10-10 01:07:45
1078,Madu,294,0.3,0,79.5,100,2025-10-10 01:07:45
1079,Markisa squash,217,2.5,1,49.6,0,2025-10-10 01:07:45
1080,"Markisa squash, BD",104,1.2,0.5,23.7,0,2025-10-10 01:07:45
1081,Melase,276,0,0.1,71,100,2025-10-10 01:07:45
1082,Sirup,213,0,0,55,100,2025-10-10 01:07:45
1083,Sirup pirous,228,0.2,0.4,55.9,0,2025-10-10 01:07:45
1084,Teh hijau daun kering,300,28.3,4.8,53.6,100,2025-10-10 01:07:45
1085,Teh hitam daun kering,293,24.5,2.8,58.8,100,2025-10-10 01:07:45
1086,Teh melati daun kering,299,24.1,3.5,59,100,2025-10-10 01:07:45
1087,"Asam arang coklat, segar",130,0.5,1.1,30.9,0,2025-10-10 01:07:45
1088,"Asam arang merah, segar",99,0.8,1.6,20.3,0,2025-10-10 01:07:45
1089,"Asan kandis, kering",261,0.9,1.6,63.3,100,2025-10-10 01:07:45
1090,"Asam kandis, segar",75,0.2,1.1,16.1,0,2025-10-10 01:07:45
1091,"Asam masak pohon, segar",267,2.8,0.6,62.5,48,2025-10-10 01:07:45
1092,"Asam payak, segar",135,0.8,0.4,32.1,0,2025-10-10 01:07:45
1093,"Bawang merah, segar",46,1.5,0.3,9.2,90,2025-10-10 01:07:45
1094,"Bawang putih, segar",112,4.5,0.2,23.1,88,2025-10-10 01:07:45
1095,"Boros kunci, segar",40,1,0.8,7.2,80,2025-10-10 01:07:45
1097,"Cabai gembor merah, segar",38,1.6,0.8,6.3,89,2025-10-10 01:07:45
1098,"Cabai hijau, segar",26,0.7,0.3,5.2,82,2025-10-10 01:07:45
1099,"Cabai merah, kering",367,15.9,6.2,61.8,85,2025-10-10 01:07:45
1100,"Cabai merah, segar",36,1,0.3,7.3,85,2025-10-10 01:07:45
1101,"Cabai rawit, segar",120,4.7,2.4,19.9,85,2025-10-10 01:07:45
1102,"Cengkeh, kering",330,5.2,8.9,57.4,100,2025-10-10 01:07:45
1103,"Daun salam, bubuk",301,14.2,10.9,49,100,2025-10-10 01:07:45
1104,"Jahe, segar",51,1.5,1,10.1,97,2025-10-10 01:07:45
1105,Kemiri,675,19,63,8,100,2025-10-10 01:07:45
1106,"Ketumbar, kering",418,14.1,16.1,54.2,100,2025-10-10 01:07:45
1107,Kluwek,310,10,24,13.5,80,2025-10-10 01:07:45
1108,"Kunyit, segar",69,2,2.7,9.1,78,2025-10-10 01:07:45
1109,"Merica, kering",365,11.5,6.8,64.4,100,2025-10-10 01:07:45
1110,"Pala, biji, kering",518,7.5,36.4,40.1,95,2025-10-10 01:07:45
1111,Balichong,152,13.2,0.8,22.9,0,2025-10-10 01:07:45
1112,Bekasam,116,11.9,4.9,6.1,0,2025-10-10 01:07:45
1113,Bekasang,78,11.4,2,3.6,0,2025-10-10 01:07:45
1114,Cuka,21,0.1,0.1,5,100,2025-10-10 01:07:45
1115,Kecap,71,5.7,1.3,9,100,2025-10-10 01:07:45
1116,Petis ikan,165,20,0.2,20.8,100,2025-10-10 01:07:45
1117,Petis udang kering,345,23.8,1.4,59.3,100,2025-10-10 01:07:45
1118,Petis udang pasta,220,15,0.9,38,100,2025-10-10 01:07:45
1119,Saos tomat,110,2,0.4,24.5,100,2025-10-10 01:07:45
1120,Tempoya,110,1.7,1.3,21.9,100,2025-10-10 01:07:45
1121,Terasi,155,22.3,2.9,9.9,100,2025-10-10 01:07:45
1122,Terasi dobo,191,33.1,3.6,6.6,100,2025-10-10 01:07:45
1123,Terasi merah,174,30,3.5,5.6,100,2025-10-10 01:07:45
1124,"Kelapa muda, air, segar",0.1,0.2,17,3.8,100,2025-10-10 01:07:45
1134,Jenang,50,25,15,38,0,2025-10-10 01:07:45
1137,Jenang Mangga,34,23,2,32,0,2025-10-10 01:07:45
1138,Bakso Mercon,40,20,25,30,0,2025-10-10 01:07:45
1139,Tahu Bakso,192,9.84,10.7,17.8,0,2025-10-10 01:07:45
1140,Sate Ayam,300,20,15,10,0,2025-10-10 01:07:45
1141,Batagor,290,10.28,14.92,29.14,0,2025-10-10 01:07:45
1142,Corn Flakes Kelloggs,385,7,1,87,0,2025-10-10 01:07:45
1144,Bubur Ayam,155,11.48,5.16,15.05,100,2025-10-10 01:07:45
1145,Opor Ayam,163,16.53,8.67,5.6,0,2025-10-10 01:07:45
1147,Susu Prosteo Plus Vanilla,130,9,1,21,0,2025-10-10 01:07:45
1148,Ayam Rica,202,20.49,11.41,3.71,0,2025-10-10 01:07:45
1149,Sayap Ayam,203,30.5,8.1,0,0,2025-10-10 01:07:45
1150,Arem-arem,233,8.7,10.32,26.66,0,2025-10-10 01:07:45
1151,Nasi Uduk,163,2.54,8.09,20.52,100,2025-10-10 01:07:45
1152,Sayur Lodeh,68,2.78,3.95,6.14,0,2025-10-10 01:07:45
1153,Tempe Mendoan,200,11.18,12.78,12.69,0,2025-10-10 01:07:45
1154,Nasi Goreng,168,6.3,6.23,21.06,0,2025-10-10 01:07:45
1155,Onigiri Tuna Mayo,232,4.65,2.31,39.94,0,2025-10-10 01:07:45
1156,Tempe Bacem,237.1,10.8,15,17.6,0,2025-10-10 01:07:45
1157,Daging Ayam,284.9,26.9,18.9,0,0,2025-10-10 01:07:45
1158,Jus Jambu,101.8,1.6,1.2,23.8,0,2025-10-10 01:07:45
1159,Udang goreng tepung,287,10.58,14.64,27.57,0,2025-10-10 01:07:45
1165,Donat,192,2.34,10.3,22.86,0,2025-10-10 01:07:45
1166,Donat Isi,192,2,10,23,0,2025-10-10 01:07:45
1167,Kukis ,1923,5.71,22.03,60.26,0,2025-10-10 01:07:45
1168,Air Kelapa,19,0.72,0.2,3.71,0,2025-10-10 01:07:45
1169,Donat Wow,192,2.34,10.3,22.86,0,2025-10-10 01:07:45
1170,Tempe Bacemm,193,18.5,10.8,9.39,0,2025-10-10 01:07:45
1171,Ayam Geprek Kecap,263,17.61,17.99,7.6,0,2025-10-10 01:07:45
1172,Bening Bayam,23,2.86,0,3.63,0,2025-10-10 01:07:45
1173,Indomie Rendang,420,9,16,59,100,2025-10-10 01:07:45
1174,Silky Pudding Coklat,83.87,1.93,2.25,14.83,0,2025-10-10 01:07:45
1175,Sup Nasi Ayam,25,1.47,0.79,2.97,0,2025-10-10 01:07:45
1177,Mie Lemonilo Goreng,400,10.7,9.2,67.69,0,2025-10-10 01:07:45
1179,Chocolatos Wafer Roll Chocolate Delight,500,5,10,70,0,2025-10-10 01:07:45
1180,Telur Ceplok,201,13.63,15.31,0.88,0,2025-10-10 01:07:45
1181,Ayam Goreng Tepung,56,1.6,0.2,11.2,0,2025-10-10 01:07:45
1182,Tempe Goreng,225,13.31,15.21,11.94,0,2025-10-10 01:07:45
1183,Ayam Penyet,199,25.05,8.53,5.29,0,2025-10-10 01:07:45
1184,Teh Manis,55,0,0,14.36,0,2025-10-10 01:07:45
1185,Nasi Goreng Ayam,166,6.29,6.04,21.12,0,2025-10-10 01:07:45
1186,Mangga Alpukat,46,0.4,0.2,11.9,0,2025-10-10 01:07:45
1187,Bubur Kacang Hijau Santan ,108,3.54,3.06,17.76,0,2025-10-10 01:07:45
1188,Molen Coklat,275,3.91,11.68,39.05,100,2025-10-10 01:07:45
1189,Kebab Beef,159,9.71,4.27,19.77,100,2025-10-10 01:07:45
1190,Orek Tempe,175,13.11,8.2,15.6,0,2025-10-10 01:07:45
1191,Oseng Teri,210,28.89,9.71,0,0,2025-10-10 01:07:45
1193,Nasi Ayam Semur,415,48,16,19,0,2025-10-10 01:07:45
1194,Roti Bakar,630,12,12,117,0,2025-10-10 01:07:45
1195,Tahu Bulat,35,2.4,2.6,0.7,0,2025-10-10 01:07:45
1196,Nasi Padang,174.7,18.4,3.9,18.4,0,2025-10-10 01:07:45
1197,Magelangan,168,6.3,6.23,21.06,0,2025-10-10 01:07:45
1198,Udang Asam Manis,269,6.56,16.84,25.12,0,2025-10-10 01:07:45
1199,Susu Ultramilk,66,3.2,3.9,4.8,0,2025-10-10 01:07:45
1200,Yakult,62.4,0,0,15,0,2025-10-11 01:45:38
1201,Jud Melon,47.1,0.2,0.1,12.1,0,2025-10-10 01:07:45
1202,Jus Melon,47.1,0.2,0.1,12.1,0,2025-10-10 01:07:45
1203,Bubur Mutiara,348.9,2.3,0.1,84.7,0,2025-10-10 01:07:45
1204,Brownies,129,1.62,4.68,21.26,0,2025-10-10 01:07:45
1207,Urap,112,7.32,7.65,10.89,0,2025-10-10 01:07:45
1208,Terong Goreng,148,2.4,10.75,11.58,0,2025-10-10 01:07:45
1209,fuyunghai,132,7.55,9.72,3.61,0,2025-10-10 01:07:45
1210,Ubi Wow,3,6,2,1,0,2025-10-10 01:07:45
1211,Pisang Goreng,252,1.47,13.27,36.07,0,2025-10-10 01:07:45
1212,Sate Telur Puyuh,158,13.05,11.09,0.41,0,2025-10-10 01:07:45
1213,Ubi Jalar Putih Rebusz,86,1.57,0.05,20.12,0,2025-10-10 01:07:45
1214,Matcha Ice cream,110,2,3,20,0,2025-10-10 01:07:45
1215,udang tepung,287,10.58,14.64,27.57,0,2025-10-10 01:07:45
1216,tumis kangkung,24,1.66,0.29,4.39,0,2025-10-10 01:07:45
1217,Matcha Ice Cream Cup,206.81,3.48,11.4,23.5,0,2025-10-10 01:07:45
1218,telur dadar,153,10.62,12.02,0.69,0,2025-10-10 01:07:45
1219,Kopi Susu Janji Jiwa,75,2.5,2.5,11.5,0,2025-10-10 01:07:45
1220,Lontong Sayur Padang,89,2.78,2.1,14.77,0,2025-10-10 01:07:45
1221,Indomie Korean Spicy,430,77,16,66,0,2025-10-10 01:07:45
1222,Nescafe,49.5,1.35,1.35,9,0,2025-10-10 01:07:45
1223,Lontong,144,2.76,0.23,31.76,0,2025-10-10 01:07:45
1224,Nasi Goreng Gila,166,6.29,6.04,21.12,0,2025-10-10 01:07:45
1225,Takoyaki,175,8.45,7.56,17.77,0,2025-10-10 01:07:45
1226,Kerupuk Bawang ,70,0,0,17,0,2025-10-10 01:07:45
1227,Capcay Kuah,67,1.58,2.59,9.67,0,2025-10-10 01:07:45
1228,Telur Balado ,71,3.57,5.75,1.22,0,2025-10-10 01:07:45
1229,Kwetiau Goreng,210,7,9,26,0,2025-10-10 01:07:45
1230,Tumis Pare,46,1.25,2.45,5.74,0,2025-10-10 01:07:45
1231,Es Pisang Ijo,301,2.84,13.27,47,0,2025-10-10 01:07:45
1232,Ayam Goreng Tepung,297,15.59,18.82,16.32,0,2025-10-10 01:07:45
1233,Biskuit Serena Milk Short Cake Cream Biscuits,100,1,5,13,0,2025-10-10 01:07:45
1234,Tumis Tahu Tauge,86,5.93,1.93,12.91,0,2025-10-10 01:07:45
1235,Ayam Geprek,263,17.61,17.99,7.6,0,2025-10-10 01:07:45
1236,Bihun Kuah,372.5,7.84,4.9,70.58,0,2025-10-10 01:07:45
1237,Teh Tarik,50,1.19,1.31,8.49,0,2025-10-10 01:07:45
1238,Cheese Cake,321,6,23,26,0,2025-10-10 01:07:45
1239,Ultra Milk Full Cream,60,3.2,3.2,4.8,0,2025-10-10 01:07:45
1240,Energi,433,6.6,10,80,0,2025-10-10 01:07:45
1241,Nasi Tutug Oncom,187,11.57,6.53,22.58,0,2025-10-10 01:07:45
1242,Energen,130,6.6,10,80,0,2025-10-10 01:07:45
1243,Ayam Panggang Paha,245,24.85,15.36,0,0,2025-10-10 01:07:45
1244,Biskuit Roma Selai Kacang,478,8.7,8.7,69.5,0,2025-10-10 01:07:45
1245,Cookies Coklat,460,5.71,22.03,60.26,0,2025-10-10 01:07:45
1246,Gekikara Ramen,485.3,10.83,19.16,60,0,2025-10-10 01:07:45
1247,Mochi,320,5.21,0.42,72.1,0,2025-10-10 01:07:45
1248,Jus Strawberry,38,0.3,0.6,7.8,0,2025-10-10 01:07:45
1249,Roti Tawar Yamazaki,250,7.8,3.125,48.4,0,2025-10-10 01:07:45
1250,Keju Mozarella Perfetto,320,24,24,4,0,2025-10-10 01:07:45
1251,Ikan Bawal,84,17.21,1.22,0,0,2025-10-10 01:07:45
1252,Jamur Tiram Tumis,26,3.58,0.33,4.04,0,2025-10-10 01:07:45
1253,Tempe Penyet,198,15.68,11.43,12.84,0,2025-10-10 01:07:45
1254,Daun Singkong Rebus,38,3.66,0.29,7.25,0,2025-10-10 01:07:45
1255,Cuko Pempek,168,1.3,0.22,41.59,0,2025-10-10 01:07:45
1256,Indomie Rebus Kari Ayam,109,6,3,16,0,2025-10-10 01:07:45
1257,Jelly,61,1.2,0,14,0,2025-10-10 01:07:45
1258,Ketupat biasa,100,3.27,2.42,30.36,0,2025-10-10 01:07:45
1259,Tomat Ceri,18,0.88,0.2,3.92,0,2025-10-10 01:07:45
1260,Jus Alpukat ,130,1.9,8.81,12.88,0,2025-10-10 01:07:45
1261,Nagasari,221,2.99,4.1,43.21,0,2025-10-10 01:07:45
1262,Milo Sachet,409,9,11.3,73,0,2025-10-10 01:07:45
1263,Ayam kecap,223,18.82,11.96,9.41,0,2025-10-10 01:07:45
1264,Batagor Siomay,500,20,25,50,0,2025-10-10 01:07:45
1265,Mmagelangan Mie,600,20,20,80,0,2025-10-10 01:07:45
1266,Thai Tea,87.7,0.022,2.4,14.8,0,2025-10-10 01:07:45
1267,Putih Telur,52,10.9,0.17,0.73,0,2025-10-10 01:07:45
1268,Nasi Telur Kimpul,500,20,20,50,0,2025-10-10 01:07:45
1269,Nasi Telur Bakar,450,12,15,50,0,2025-10-10 01:07:45
1270,Gado Gado,400,20,20,50,0,2025-10-10 01:07:45
1271,Lumpia ,150,5,20,20,0,2025-10-10 01:07:45
1272,Beng-beng,500,5,25,65,0,2025-10-10 01:07:45
1273,Buah Anggur,69,0.72,0.16,18.1,0,2025-10-10 01:07:45
1274,buah pear/pir,58,0.38,0.12,15.46,0,2025-10-10 01:07:45
1275,Daging Dan Kulit Ayam Panggang,216,17.14,15.85,0,0,2025-10-10 01:07:45
1276,Iced Lemon Tea,159,0,0,39.6,0,2025-10-10 01:07:45
1277,Katsu Ayam,795,9.98,12.04,10.44,0,2025-10-10 01:07:45
1278,Granola Raisin,408,9.22,11.03,72.39,0,2025-10-10 01:07:45
1279,ayam bacem paha bawah,147,13.7,6.70,8.30,0,2025-10-10 01:07:45
1280,tahu bacem,24,1.9,1.47,1.09,0,2025-10-10 01:07:45
1281,Mashed Potatoes,367,8.3,3.33,77,0,2025-10-10 01:07:45
1282,Salad Sayur,15,0.74,0.15,3.14,0,2025-10-10 01:07:45
1283,Tortila,263,9.61,1.3,55.86,0,2025-10-10 01:07:45
1284,Ichitan Milk Tea,60,0.8,2,9.6,0,2025-10-10 01:07:45
1285,Oven Roasted Chicken,136,9.8,2.13,20,0,2025-10-10 01:07:45
1286,Salad Selada Sayuran ,17,0.87,0.17,3.8,0,2025-10-10 01:07:45
1287,Creamed Spinach,74,3.33,4.51,5.97,0,2025-10-10 01:07:45
1288,Daging Dada Ayam Panggang ,165,31.02,3.57,0,0,2025-10-10 01:07:45
1289,Jus Jeruk,112,1.74,0.5,25.79,100,2025-10-10 01:07:45
1290,Terong Balado,97,1.16,7.99,7.09,0,2025-10-10 01:07:45
1291,chicken tofu hokben,160,14,10,3,0,2025-10-10 01:07:45
1292,hokben salad,180,1,17,6,0,2025-10-10 01:07:45
1294,sambal pecel,440,18,20,46,0,2025-10-10 01:07:45
1295,Gulai Sapi,109,13.2,4.63,3.02,0,2025-10-10 01:07:45
1296,lotek,132,7.14,7.41,10.9,0,2025-10-10 01:07:45
1298,bolu pisang,323,3.74,7.85,61.06,0,2025-10-10 01:07:45
1299,vanilla milk bun,1220,4,2,21,0,2025-10-10 01:07:45
1301,sate kikil,240,26.1,10.9,10,0,2025-10-10 01:07:45
1302,susu bear brand,63.5,3.17,3.7,4.76,0,2025-10-10 01:07:45
1303,Perkedel Kentang,143,3,7.5,17,0,2025-10-10 01:07:45
1304,FORE Kopi Dari Tani,80,1,3,9,0,2025-10-10 01:07:45
1305,Tempe Kedelai Goreng Garit,350,24.5,26.6,10.4,0,2025-10-10 01:07:45
1306,Soto Ayam,130,9.96,6.19,8.11,100,2025-10-10 01:07:45
1307,Saus Tartar,300,0.67,26.7,13.3,0,2025-10-10 01:07:45
1308,Ashiitaki Creamy Latte,83.2,4.16,2.08,12.48,0,2025-10-10 01:07:45
1309,Nasbung,10000,10000,10000,10000,0,2025-10-10 01:07:45
1311,Ayam Cacah Goreng,230,23.5,12.4,0,0,2025-10-10 01:07:45
1312,Kukis Momotaro,533,7,29,62,100,2025-10-10 01:07:45
1313,Pastry,347,8,21.9,37.2,0,2025-10-10 01:07:45
1314,sop ayam telur tofu sayur,251.5,12.3,17,15.8,0,2025-10-10 01:07:45
1315,gabin tape,90,1.37,4.06,12.07,0,2025-10-10 01:07:45
1316,sop ayam kampung,75,4.05,2.46,9.35,0,2025-10-10 01:07:45
1317,Sate Padang,161,9.005,30.21,3.4,0,2025-10-10 01:07:45
1318,Azuki Matcha Dango,187,1.57,0.34,44.75,0,2025-10-10 01:07:45
1320,Kacang Almond Panggang,578,21.26,50.64,19.74,0,2025-10-10 01:07:45
1321,Ayam goreng paha,211,16.03,12.58,7.49,0,2025-10-10 01:07:45
1322,tteokbokki,220,6,5,36,0,2025-10-10 01:07:45
1323,corndog sosis mozarella ,260,8,12,29,0,2025-10-10 01:07:45
1324,Milo Kotak,70,2,2.5,11,0,2025-10-10 01:07:45
1325,Tongseng Ayam,169,10.81,11.83,6.43,0,2025-10-10 01:07:45
1326,Nasi Kuning,95,1.89,0.17,20.86,0,2025-10-10 01:07:45
1327,Kwetiaw,175,5.05,6.37,23.76,100,2025-10-10 01:07:45
1328,Sosis Kanzler,169.23,16.92,7.7,6.16,0,2025-10-10 01:07:45
1329,Roma Sari Gandum Sandwich Coklat,512.82,7.70,25.64,64.10,0,2025-10-10 01:07:45
1330,Singkong Goreng,160,1.36,0.28,38.06,0,2025-10-10 01:07:45
1331,Telur Rebus,155,13,11,1.1,100,2025-10-10 01:07:45
1332,Pakcoy,9,0.64,0.08,2.03,0,2025-10-10 01:07:45
1334,Ayam Kentucky,287.3,19.89,18.79,9.9,0,2025-10-10 01:07:45
1335,Dimsum,112,11.55,2.64,9.56,0,2025-10-10 01:07:45
1336,Roti Aoka (Panggang) Rasa Coklat,368.42,7.9,13.16,2.3,100,2025-10-11 04:14:56
1337,Indomie Kari Ayam,444.44,9.72,16.67,62.5,0,2025-10-10 01:07:45
1338,Es Teh,38,0.01,0,9.9,0,2025-10-10 01:07:45
1339,Garlic Bread ,330,7.75,12.78,45.62,0,2025-10-10 01:07:45
1340,Keju Slice Kraft,294,17.6,20.58,5.8,0,2025-10-10 01:07:45
1341,Sate Taichan,179,12.45,11.75,6.51,0,2025-10-10 01:07:45
1342,Beef Bowl Yoshinoya,162.6,7.14,6.42,19.28,0,2025-10-10 01:07:45
1343,Ichi Ocha,32,0,0,8.4,0,2025-10-10 01:07:45
1344,Bolu Kukus,297,7.3,4.3,57.7,0,2025-10-10 01:07:45
1345,Stik Balado,460,7,17,70,0,2025-10-10 01:07:45
1348,Momogi Jagung Bakar,500,10,25,70,0,2025-10-10 01:07:45
1349,Mie goreng,137,4.5,2.06,25,0,2025-10-10 01:07:45
1350,orak arik sayur dan telur,129,8.81,8.95,2.9,0,2025-10-10 01:07:45
1351,corndog mozzarella ,263,9.6,10.8,31.88,0,2025-10-10 01:07:45
1352,Ayam goreng,260,21.93,14.55,10.76,0,2025-10-10 01:07:45
1353,"Lele, goreng",105,18.47,2.85,0,0,2025-10-10 01:07:45
1354,Telur orak-arik,158,10.98,11.52,1.86,0,2025-10-10 01:07:45
1355,Spaghetti carbonara toping,630,36.51,37.34,38.78,100,2025-10-10 01:07:45
1356,Nugget ayam,297,15.59,18.82,16.32,0,2025-10-10 01:07:45
1357,Dadar gulung,231,4.7,11.31,28.59,0,2025-10-10 01:07:45
1358,Semar mendem,151,8.94,7.6,11.83,0,2025-10-10 01:07:45
1359,"Bakmi jawa, rebus",138,4.54,2.07,25.16,100,2025-10-10 01:07:45
1360,Susu Frisian Flag Swiss Chocolate,71.11,2.67,2.67,8.89,0,2025-10-10 01:07:45
1361,Kue Pancong,296,3.26,17.71,33.29,0,2025-10-10 01:07:45
1362,Top Coffee Avocado,450,5,15,75,0,2025-10-10 01:07:45
1363,Ayam rebus,150,28.74,3,0,0,2025-10-10 01:07:45
1365,Sosis Keju Indomaret,210,17,10,12,0,2025-10-10 01:07:45
1366,Roti Sisir Sharon,471.43,4.29,14.29,54.29,0,2025-10-10 01:07:45
1367,Mie Sedaap Rasa Ayam Spesial,463.77,11.59,18.84,59.42,0,2025-10-10 01:07:45
1368,Mie Instan,350,10,6,44,0,2025-10-10 01:07:45
1369,Jambu Kristal,49,0.86,0.37,12.07,0,2025-10-10 01:07:45
1370,Es Kopi Susu Tetangga Tuku,105,4,11,25,0,2025-10-10 01:07:45
1371,Chocolate Frosted Donut Dunkin Donuts,666.67,7.14,35.71,73.81,0,2025-10-10 01:07:45
1372,Pangsit Goreng,344,12.58,18.87,30.47,0,2025-10-10 01:07:45
1373,Cumi Gulai,92,15.58,1.38,3.08,0,2025-10-10 01:07:45
1375,Cumi Gulai,130,9,8,6,0,2025-10-10 01:07:45
1376,Seblak,461,15,18,59,0,2025-10-10 01:07:45
1377,kering Tempe,259,14,13,27,0,2025-10-10 01:07:45
1378,Kare Instan,100,5,5,10,0,2025-10-10 01:07:45
1380,Kue Ulang Tahun,367,4,16,55,0,2025-10-10 01:07:45
1381,Telur Dadar ,93,6,7,0,0,2025-10-10 01:07:45
1384,Telur Kecap,130,9.7,7.81,5.27,0,2025-10-10 01:07:45
1385,Kepala Ayam,297,14.07,26.24,0,0,2025-10-10 01:07:45
1386,Oseng Tempe,145.83,10.92,6.83,13,0,2025-10-10 01:07:45
1387,Mie Instan Rebus,350,10,13,49,0,2025-10-10 01:07:45
1388,Roti Abon,389,15,10,30,0,2025-10-10 01:07:45
1389,Pastel Sayur,307,4.50,13.30,424,0,2025-10-10 01:07:45
1390,Sayap Ayam Goreng Kentucky,297,35.60,15.20,1.60,0,2025-10-10 01:07:45
1391,Tiwul Ada Kandungan Gizinya,353,2.4,1.1,83.4,0,2025-10-10 01:07:45
1392,Cakwe,209,3.3,9.92,26.68,0,2025-10-10 01:07:45
1393,Nougat Kacang,389,3.3,1.67,92.39,0,2025-10-10 01:07:45
1394,Cakue,209,3.3,9.92,26.68,0,2025-10-10 01:07:45
1395,tahu kupat,391,12,11,63,0,2025-10-10 01:07:45
1397,Mie Kuah,300,7,11,43,0,2025-10-10 01:07:45
1398,Ayam bakar,167,25.01,6.63,0,0,2025-10-10 01:07:45
1399,Es Krim,70,1,1,13,0,2025-10-10 01:07:45
1402,Balado Tahu,150,9,6.45,6.1,100,2025-10-10 01:07:45
1403,Kolak Singkong,163,2.01,8.83,20.35,100,2025-10-10 01:07:45
1405,Sayur Katuk,252,4.72,1.28,10.72,0,2025-10-10 01:07:45
1406,udang keju,370,6,26,27,100,2025-10-10 01:07:45
1411,Tumis Tauge,128,3.83,10.52,6.66,100,2025-10-10 01:07:45
1413,White Coffee,450,5,10,85,0,2025-10-10 01:07:45
1414,Cheetos Jagung Bakar,500,10,30,60,0,2025-10-10 01:07:45
1415,Mini Astor Wafer Rolls,450,5,17.5,75,0,2025-10-10 01:07:45
1416,Indomie goreng,300,8,14,54,85,2025-10-10 01:07:45
1417,Sambal Goreng,102,9.16,2.71,10.39,100,2025-10-10 01:07:45
1418,Es Buah,128,0.4,0,32.6,100,2025-10-10 01:07:45
1419,Pecel Sayur,244,9.91,10.93,30.07,100,2025-10-10 01:07:45
1420,Bakso ikan,107,11.27,1.23,11.72,100,2025-10-10 01:07:45
1421,Sushi Nigiri Salmon,158,11,7,11,100,2025-10-10 01:07:45
1422,Roti gandum,267,10.72,3.24,46.68,100,2025-10-10 01:07:45
